STRUCTURE,STRUCTURE_ID,freq,unit,direct,na_item,geo,TIME_PERIOD,OBS_VALUE,OBS_FLAG
dataflow,ESTAT:NAMA_10R_2HHINC(1.0),A,EUR_HAB,BAL,B5N,AT,2020,26900,
dataflow,ESTAT:NAMA_10R_2HHINC(1.0),A,EUR_HAB,BAL,B5N,AT1,2020,26600,
dataflow,ESTAT:NAMA_10R_2HHINC(1.0),A,EUR_HAB,BAL,B5N,AT11,2020,26400,
dataflow,ESTAT:NAMA_10R_2HHINC(1.0),A,EUR_HAB,BAL,B5N,AT12,2020,28100,
dataflow,ESTAT:NAMA_10R_2HHINC(1.0),A,EUR_HAB,BAL,B5N,AT13,2020,25400,
dataflow,ESTAT:NAMA_10R_2HHINC(1.0),A,EUR_HAB,BAL,B5N,AT2,2020,25700,
dataflow,ESTAT:NAMA_10R_2HHINC(1.0),A,EUR_HAB,BAL,B5N,AT21,2020,24900,
dataflow,ESTAT:NAMA_10R_2HHINC(1.0),A,EUR_HAB,BAL,B5N,AT22,2020,26100,
dataflow,ESTAT:NAMA_10R_2HHINC(1.0),A,EUR_HAB,BAL,B5N,AT3,2020,28000,
dataflow,ESTAT:NAMA_10R_2HHINC(1.0),A,EUR_HAB,BAL,B5N,AT31,2020,27700,
dataflow,ESTAT:NAMA_10R_2HHINC(1.0),A,EUR_HAB,BAL,B5N,AT32,2020,28000,
dataflow,ESTAT:NAMA_10R_2HHINC(1.0),A,EUR_HAB,BAL,B5N,AT33,2020,27500,
dataflow,ESTAT:NAMA_10R_2HHINC(1.0),A,EUR_HAB,BAL,B5N,AT34,2020,30300,
dataflow,ESTAT:NAMA_10R_2HHINC(1.0),A,EUR_HAB,BAL,B5N,BE,2020,26100,p
dataflow,ESTAT:NAMA_10R_2HHINC(1.0),A,EUR_HAB,BAL,B5N,BE1,2020,23800,p
dataflow,ESTAT:NAMA_10R_2HHINC(1.0),A,EUR_HAB,BAL,B5N,BE10,2020,23800,p
dataflow,ESTAT:NAMA_10R_2HHINC(1.0),A,EUR_HAB,BAL,B5N,BE2,2020,28300,p
dataflow,ESTAT:NAMA_10R_2HHINC(1.0),A,EUR_HAB,BAL,B5N,BE21,2020,27500,p
dataflow,ESTAT:NAMA_10R_2HHINC(1.0),A,EUR_HAB,BAL,B5N,BE22,2020,25200,p
dataflow,ESTAT:NAMA_10R_2HHINC(1.0),A,EUR_HAB,BAL,B5N,BE23,2020,29100,p
dataflow,ESTAT:NAMA_10R_2HHINC(1.0),A,EUR_HAB,BAL,B5N,BE24,2020,32800,p
dataflow,ESTAT:NAMA_10R_2HHINC(1.0),A,EUR_HAB,BAL,B5N,BE25,2020,26600,p
dataflow,ESTAT:NAMA_10R_2HHINC(1.0),A,EUR_HAB,BAL,B5N,BE3,2020,22800,p
dataflow,ESTAT:NAMA_10R_2HHINC(1.0),A,EUR_HAB,BAL,B5N,BE31,2020,30600,p
dataflow,ESTAT:NAMA_10R_2HHINC(1.0),A,EUR_HAB,BAL,B5N,BE32,2020,20300,p
dataflow,ESTAT:NAMA_10R_2HHINC(1.0),A,EUR_HAB,BAL,B5N,BE33,2020,22000,p
dataflow,ESTAT:NAMA_10R_2HHINC(1.0),A,EUR_HAB,BAL,B5N,BE34,2020,24700,p
dataflow,ESTAT:NAMA_10R_2HHINC(1.0),A,EUR_HAB,BAL,B5N,BE35,2020,24200,p
dataflow,ESTAT:NAMA_10R_2HHINC(1.0),A,EUR_HAB,BAL,B5N,BG,2020,5200,
dataflow,ESTAT:NAMA_10R_2HHINC(1.0),A,EUR_HAB,BAL,B5N,BG3,2020,3700,
dataflow,ESTAT:NAMA_10R_2HHINC(1.0),A,EUR_HAB,BAL,B5N,BG31,2020,3400,
dataflow,ESTAT:NAMA_10R_2HHINC(1.0),A,EUR_HAB,BAL,B5N,BG32,2020,4000,
dataflow,ESTAT:NAMA_10R_2HHINC(1.0),A,EUR_HAB,BAL,B5N,BG33,2020,3800,
dataflow,ESTAT:NAMA_10R_2HHINC(1.0),A,EUR_HAB,BAL,B5N,BG34,2020,3800,
dataflow,ESTAT:NAMA_10R_2HHINC(1.0),A,EUR_HAB,BAL,B5N,BG4,2020,6700,
dataflow,ESTAT:NAMA_10R_2HHINC(1.0),A,EUR_HAB,BAL,B5N,BG41,2020,8500,
dataflow,ESTAT:NAMA_10R_2HHINC(1.0),A,EUR_HAB,BAL,B5N,BG42,2020,4000,
dataflow,ESTAT:NAMA_10R_2HHINC(1.0),A,EUR_HAB,BAL,B5N,CY,2020,15900,
dataflow,ESTAT:NAMA_10R_2HHINC(1.0),A,EUR_HAB,BAL,B5N,CY,2021,16600,p
dataflow,ESTAT:NAMA_10R_2HHINC(1.0),A,EUR_HAB,BAL,B5N,CY0,2020,15900,
dataflow,ESTAT:NAMA_10R_2HHINC(1.0),A,EUR_HAB,BAL,B5N,CY0,2021,16600,p
dataflow,ESTAT:NAMA_10R_2HHINC(1.0),A,EUR_HAB,BAL,B5N,CY00,2020,15900,
dataflow,ESTAT:NAMA_10R_2HHINC(1.0),A,EUR_HAB,BAL,B5N,CY00,2021,16600,p
dataflow,ESTAT:NAMA_10R_2HHINC(1.0),A,EUR_HAB,BAL,B5N,CZ,2020,12100,
dataflow,ESTAT:NAMA_10R_2HHINC(1.0),A,EUR_HAB,BAL,B5N,CZ,2021,13200,
dataflow,ESTAT:NAMA_10R_2HHINC(1.0),A,EUR_HAB,BAL,B5N,CZ0,2020,12100,
dataflow,ESTAT:NAMA_10R_2HHINC(1.0),A,EUR_HAB,BAL,B5N,CZ0,2021,13200,
dataflow,ESTAT:NAMA_10R_2HHINC(1.0),A,EUR_HAB,BAL,B5N,CZ01,2020,16400,
dataflow,ESTAT:NAMA_10R_2HHINC(1.0),A,EUR_HAB,BAL,B5N,CZ01,2021,19000,
dataflow,ESTAT:NAMA_10R_2HHINC(1.0),A,EUR_HAB,BAL,B5N,CZ02,2020,12600,
dataflow,ESTAT:NAMA_10R_2HHINC(1.0),A,EUR_HAB,BAL,B5N,CZ02,2021,13500,
dataflow,ESTAT:NAMA_10R_2HHINC(1.0),A,EUR_HAB,BAL,B5N,CZ03,2020,11700,
dataflow,ESTAT:NAMA_10R_2HHINC(1.0),A,EUR_HAB,BAL,B5N,CZ03,2021,12800,
dataflow,ESTAT:NAMA_10R_2HHINC(1.0),A,EUR_HAB,BAL,B5N,CZ04,2020,10900,
dataflow,ESTAT:NAMA_10R_2HHINC(1.0),A,EUR_HAB,BAL,B5N,CZ04,2021,11500,
dataflow,ESTAT:NAMA_10R_2HHINC(1.0),A,EUR_HAB,BAL,B5N,CZ05,2020,11400,
dataflow,ESTAT:NAMA_10R_2HHINC(1.0),A,EUR_HAB,BAL,B5N,CZ05,2021,12200,
dataflow,ESTAT:NAMA_10R_2HHINC(1.0),A,EUR_HAB,BAL,B5N,CZ06,2020,11900,
dataflow,ESTAT:NAMA_10R_2HHINC(1.0),A,EUR_HAB,BAL,B5N,CZ06,2021,12900,
dataflow,ESTAT:NAMA_10R_2HHINC(1.0),A,EUR_HAB,BAL,B5N,CZ07,2020,10800,
dataflow,ESTAT:NAMA_10R_2HHINC(1.0),A,EUR_HAB,BAL,B5N,CZ07,2021,11800,
dataflow,ESTAT:NAMA_10R_2HHINC(1.0),A,EUR_HAB,BAL,B5N,CZ08,2020,10700,
dataflow,ESTAT:NAMA_10R_2HHINC(1.0),A,EUR_HAB,BAL,B5N,CZ08,2021,11500,
dataflow,ESTAT:NAMA_10R_2HHINC(1.0),A,EUR_HAB,BAL,B5N,DE,2020,28700,p
dataflow,ESTAT:NAMA_10R_2HHINC(1.0),A,EUR_HAB,BAL,B5N,DE1,2020,32300,e
dataflow,ESTAT:NAMA_10R_2HHINC(1.0),A,EUR_HAB,BAL,B5N,DE11,2020,33800,e
dataflow,ESTAT:NAMA_10R_2HHINC(1.0),A,EUR_HAB,BAL,B5N,DE12,2020,31400,e
dataflow,ESTAT:NAMA_10R_2HHINC(1.0),A,EUR_HAB,BAL,B5N,DE13,2020,31100,e
dataflow,ESTAT:NAMA_10R_2HHINC(1.0),A,EUR_HAB,BAL,B5N,DE14,2020,32000,e
dataflow,ESTAT:NAMA_10R_2HHINC(1.0),A,EUR_HAB,BAL,B5N,DE2,2020,33500,e
dataflow,ESTAT:NAMA_10R_2HHINC(1.0),A,EUR_HAB,BAL,B5N,DE21,2020,39400,e
dataflow,ESTAT:NAMA_10R_2HHINC(1.0),A,EUR_HAB,BAL,B5N,DE22,2020,29600,e
dataflow,ESTAT:NAMA_10R_2HHINC(1.0),A,EUR_HAB,BAL,B5N,DE23,2020,29800,e
dataflow,ESTAT:NAMA_10R_2HHINC(1.0),A,EUR_HAB,BAL,B5N,DE24,2020,28300,e
dataflow,ESTAT:NAMA_10R_2HHINC(1.0),A,EUR_HAB,BAL,B5N,DE25,2020,31500,e
dataflow,ESTAT:NAMA_10R_2HHINC(1.0),A,EUR_HAB,BAL,B5N,DE26,2020,29800,e
dataflow,ESTAT:NAMA_10R_2HHINC(1.0),A,EUR_HAB,BAL,B5N,DE27,2020,30700,e
dataflow,ESTAT:NAMA_10R_2HHINC(1.0),A,EUR_HAB,BAL,B5N,DE3,2020,26500,e
dataflow,ESTAT:NAMA_10R_2HHINC(1.0),A,EUR_HAB,BAL,B5N,DE30,2020,26500,e
dataflow,ESTAT:NAMA_10R_2HHINC(1.0),A,EUR_HAB,BAL,B5N,DE4,2020,24000,e
dataflow,ESTAT:NAMA_10R_2HHINC(1.0),A,EUR_HAB,BAL,B5N,DE40,2020,24000,e
dataflow,ESTAT:NAMA_10R_2HHINC(1.0),A,EUR_HAB,BAL,B5N,DE5,2020,25700,e
dataflow,ESTAT:NAMA_10R_2HHINC(1.0),A,EUR_HAB,BAL,B5N,DE50,2020,25700,e
dataflow,ESTAT:NAMA_10R_2HHINC(1.0),A,EUR_HAB,BAL,B5N,DE6,2020,33600,e
dataflow,ESTAT:NAMA_10R_2HHINC(1.0),A,EUR_HAB,BAL,B5N,DE60,2020,33600,e
dataflow,ESTAT:NAMA_10R_2HHINC(1.0),A,EUR_HAB,BAL,B5N,DE7,2020,30900,e
dataflow,ESTAT:NAMA_10R_2HHINC(1.0),A,EUR_HAB,BAL,B5N,DE71,2020,33400,e
dataflow,ESTAT:NAMA_10R_2HHINC(1.0),A,EUR_HAB,BAL,B5N,DE72,2020,26800,e
dataflow,ESTAT:NAMA_10R_2HHINC(1.0),A,EUR_HAB,BAL,B5N,DE73,2020,26000,e
dataflow,ESTAT:NAMA_10R_2HHINC(1.0),A,EUR_HAB,BAL,B5N,DE8,2020,21500,e
dataflow,ESTAT:NAMA_10R_2HHINC(1.0),A,EUR_HAB,BAL,B5N,DE80,2020,21500,e
dataflow,ESTAT:NAMA_10R_2HHINC(1.0),A,EUR_HAB,BAL,B5N,DE9,2020,27200,e
dataflow,ESTAT:NAMA_10R_2HHINC(1.0),A,EUR_HAB,BAL,B5N,DE91,2020,27900,e
dataflow,ESTAT:NAMA_10R_2HHINC(1.0),A,EUR_HAB,BAL,B5N,DE92,2020,27400,e
dataflow,ESTAT:NAMA_10R_2HHINC(1.0),A,EUR_HAB,BAL,B5N,DE93,2020,27900,e
dataflow,ESTAT:NAMA_10R_2HHINC(1.0),A,EUR_HAB,BAL,B5N,DE94,2020,26200,e
dataflow,ESTAT:NAMA_10R_2HHINC(1.0),A,EUR_HAB,BAL,B5N,DEA,2020,28000,e
dataflow,ESTAT:NAMA_10R_2HHINC(1.0),A,EUR_HAB,BAL,B5N,DEA1,2020,28300,e
dataflow,ESTAT:NAMA_10R_2HHINC(1.0),A,EUR_HAB,BAL,B5N,DEA2,2020,29600,e
dataflow,ESTAT:NAMA_10R_2HHINC(1.0),A,EUR_HAB,BAL,B5N,DEA3,2020,26600,e
dataflow,ESTAT:NAMA_10R_2HHINC(1.0),A,EUR_HAB,BAL,B5N,DEA4,2020,28000,e
dataflow,ESTAT:NAMA_10R_2HHINC(1.0),A,EUR_HAB,BAL,B5N,DEA5,2020,26600,e
dataflow,ESTAT:NAMA_10R_2HHINC(1.0),A,EUR_HAB,BAL,B5N,DEB,2020,28500,e
dataflow,ESTAT:NAMA_10R_2HHINC(1.0),A,EUR_HAB,BAL,B5N,DEB1,2020,27500,e
dataflow,ESTAT:NAMA_10R_2HHINC(1.0),A,EUR_HAB,BAL,B5N,DEB2,2020,27900,e
dataflow,ESTAT:NAMA_10R_2HHINC(1.0),A,EUR_HAB,BAL,B5N,DEB3,2020,29400,e
dataflow,ESTAT:NAMA_10R_2HHINC(1.0),A,EUR_HAB,BAL,B5N,DEC,2020,24600,e
dataflow,ESTAT:NAMA_10R_2HHINC(1.0),A,EUR_HAB,BAL,B5N,DEC0,2020,24600,e
dataflow,ESTAT:NAMA_10R_2HHINC(1.0),A,EUR_HAB,BAL,B5N,DED,2020,22000,e
dataflow,ESTAT:NAMA_10R_2HHINC(1.0),A,EUR_HAB,BAL,B5N,DED2,2020,22300,e
dataflow,ESTAT:NAMA_10R_2HHINC(1.0),A,EUR_HAB,BAL,B5N,DED4,2020,21000,e
dataflow,ESTAT:NAMA_10R_2HHINC(1.0),A,EUR_HAB,BAL,B5N,DED5,2020,23000,e
dataflow,ESTAT:NAMA_10R_2HHINC(1.0),A,EUR_HAB,BAL,B5N,DEE,2020,20900,e
dataflow,ESTAT:NAMA_10R_2HHINC(1.0),A,EUR_HAB,BAL,B5N,DEE0,2020,20900,e
dataflow,ESTAT:NAMA_10R_2HHINC(1.0),A,EUR_HAB,BAL,B5N,DEF,2020,28400,e
dataflow,ESTAT:NAMA_10R_2HHINC(1.0),A,EUR_HAB,BAL,B5N,DEF0,2020,28400,e
dataflow,ESTAT:NAMA_10R_2HHINC(1.0),A,EUR_HAB,BAL,B5N,DEG,2020,21400,e
dataflow,ESTAT:NAMA_10R_2HHINC(1.0),A,EUR_HAB,BAL,B5N,DEG0,2020,21400,e
dataflow,ESTAT:NAMA_10R_2HHINC(1.0),A,EUR_HAB,BAL,B5N,DK,2020,32200,
dataflow,ESTAT:NAMA_10R_2HHINC(1.0),A,EUR_HAB,BAL,B5N,DK,2021,34100,
dataflow,ESTAT:NAMA_10R_2HHINC(1.0),A,EUR_HAB,BAL,B5N,DK0,2020,32200,
dataflow,ESTAT:NAMA_10R_2HHINC(1.0),A,EUR_HAB,BAL,B5N,DK0,2021,34100,
dataflow,ESTAT:NAMA_10R_2HHINC(1.0),A,EUR_HAB,BAL,B5N,DK01,2020,36900,
dataflow,ESTAT:NAMA_10R_2HHINC(1.0),A,EUR_HAB,BAL,B5N,DK01,2021,39300,
dataflow,ESTAT:NAMA_10R_2HHINC(1.0),A,EUR_HAB,BAL,B5N,DK02,2020,30500,
dataflow,ESTAT:NAMA_10R_2HHINC(1.0),A,EUR_HAB,BAL,B5N,DK02,2021,32300,
dataflow,ESTAT:NAMA_10R_2HHINC(1.0),A,EUR_HAB,BAL,B5N,DK03,2020,29100,
dataflow,ESTAT:NAMA_10R_2HHINC(1.0),A,EUR_HAB,BAL,B5N,DK03,2021,30900,
dataflow,ESTAT:NAMA_10R_2HHINC(1.0),A,EUR_HAB,BAL,B5N,DK04,2020,30900,
dataflow,ESTAT:NAMA_10R_2HHINC(1.0),A,EUR_HAB,BAL,B5N,DK04,2021,32700,
dataflow,ESTAT:NAMA_10R_2HHINC(1.0),A,EUR_HAB,BAL,B5N,DK05,2020,28800,
dataflow,ESTAT:NAMA_10R_2HHINC(1.0),A,EUR_HAB,BAL,B5N,DK05,2021,30500,
dataflow,ESTAT:NAMA_10R_2HHINC(1.0),A,EUR_HAB,BAL,B5N,EE,2020,12000,
dataflow,ESTAT:NAMA_10R_2HHINC(1.0),A,EUR_HAB,BAL,B5N,EE,2021,13100,
dataflow,ESTAT:NAMA_10R_2HHINC(1.0),A,EUR_HAB,BAL,B5N,EE0,2020,12000,
dataflow,ESTAT:NAMA_10R_2HHINC(1.0),A,EUR_HAB,BAL,B5N,EE0,2021,13100,
dataflow,ESTAT:NAMA_10R_2HHINC(1.0),A,EUR_HAB,BAL,B5N,EE00,2020,12000,
dataflow,ESTAT:NAMA_10R_2HHINC(1.0),A,EUR_HAB,BAL,B5N,EE00,2021,13100,
dataflow,ESTAT:NAMA_10R_2HHINC(1.0),A,EUR_HAB,BAL,B5N,EL,2020,10600,p
dataflow,ESTAT:NAMA_10R_2HHINC(1.0),A,EUR_HAB,BAL,B5N,EL3,2020,13000,p
dataflow,ESTAT:NAMA_10R_2HHINC(1.0),A,EUR_HAB,BAL,B5N,EL30,2020,13000,p
dataflow,ESTAT:NAMA_10R_2HHINC(1.0),A,EUR_HAB,BAL,B5N,EL4,2020,9700,p
dataflow,ESTAT:NAMA_10R_2HHINC(1.0),A,EUR_HAB,BAL,B5N,EL41,2020,8700,p
dataflow,ESTAT:NAMA_10R_2HHINC(1.0),A,EUR_HAB,BAL,B5N,EL42,2020,10700,p
dataflow,ESTAT:NAMA_10R_2HHINC(1.0),A,EUR_HAB,BAL,B5N,EL43,2020,9500,p
dataflow,ESTAT:NAMA_10R_2HHINC(1.0),A,EUR_HAB,BAL,B5N,EL5,2020,9400,p
dataflow,ESTAT:NAMA_10R_2HHINC(1.0),A,EUR_HAB,BAL,B5N,EL51,2020,8400,p
dataflow,ESTAT:NAMA_10R_2HHINC(1.0),A,EUR_HAB,BAL,B5N,EL52,2020,9600,p
dataflow,ESTAT:NAMA_10R_2HHINC(1.0),A,EUR_HAB,BAL,B5N,EL53,2020,10100,p
dataflow,ESTAT:NAMA_10R_2HHINC(1.0),A,EUR_HAB,BAL,B5N,EL54,2020,9200,p
dataflow,ESTAT:NAMA_10R_2HHINC(1.0),A,EUR_HAB,BAL,B5N,EL6,2020,9000,p
dataflow,ESTAT:NAMA_10R_2HHINC(1.0),A,EUR_HAB,BAL,B5N,EL61,2020,8800,p
dataflow,ESTAT:NAMA_10R_2HHINC(1.0),A,EUR_HAB,BAL,B5N,EL62,2020,11200,p
dataflow,ESTAT:NAMA_10R_2HHINC(1.0),A,EUR_HAB,BAL,B5N,EL63,2020,8500,p
dataflow,ESTAT:NAMA_10R_2HHINC(1.0),A,EUR_HAB,BAL,B5N,EL64,2020,8800,p
dataflow,ESTAT:NAMA_10R_2HHINC(1.0),A,EUR_HAB,BAL,B5N,EL65,2020,9200,p
dataflow,ESTAT:NAMA_10R_2HHINC(1.0),A,EUR_HAB,BAL,B5N,ES,2020,15900,p
dataflow,ESTAT:NAMA_10R_2HHINC(1.0),A,EUR_HAB,BAL,B5N,ES1,2020,14200,p
dataflow,ESTAT:NAMA_10R_2HHINC(1.0),A,EUR_HAB,BAL,B5N,ES11,2020,14100,p
dataflow,ESTAT:NAMA_10R_2HHINC(1.0),A,EUR_HAB,BAL,B5N,ES12,2020,14100,p
dataflow,ESTAT:NAMA_10R_2HHINC(1.0),A,EUR_HAB,BAL,B5N,ES13,2020,14900,p
dataflow,ESTAT:NAMA_10R_2HHINC(1.0),A,EUR_HAB,BAL,B5N,ES2,2020,18700,p
dataflow,ESTAT:NAMA_10R_2HHINC(1.0),A,EUR_HAB,BAL,B5N,ES21,2020,20100,p
dataflow,ESTAT:NAMA_10R_2HHINC(1.0),A,EUR_HAB,BAL,B5N,ES22,2020,18500,p
dataflow,ESTAT:NAMA_10R_2HHINC(1.0),A,EUR_HAB,BAL,B5N,ES23,2020,16400,p
dataflow,ESTAT:NAMA_10R_2HHINC(1.0),A,EUR_HAB,BAL,B5N,ES24,2020,17200,p
dataflow,ESTAT:NAMA_10R_2HHINC(1.0),A,EUR_HAB,BAL,B5N,ES3,2020,22100,p
dataflow,ESTAT:NAMA_10R_2HHINC(1.0),A,EUR_HAB,BAL,B5N,ES30,2020,22100,p
dataflow,ESTAT:NAMA_10R_2HHINC(1.0),A,EUR_HAB,BAL,B5N,ES4,2020,13700,p
dataflow,ESTAT:NAMA_10R_2HHINC(1.0),A,EUR_HAB,BAL,B5N,ES41,2020,15000,p
dataflow,ESTAT:NAMA_10R_2HHINC(1.0),A,EUR_HAB,BAL,B5N,ES42,2020,13400,p
dataflow,ESTAT:NAMA_10R_2HHINC(1.0),A,EUR_HAB,BAL,B5N,ES43,2020,11600,p
dataflow,ESTAT:NAMA_10R_2HHINC(1.0),A,EUR_HAB,BAL,B5N,ES5,2020,16700,p
dataflow,ESTAT:NAMA_10R_2HHINC(1.0),A,EUR_HAB,BAL,B5N,ES51,2020,18700,p
dataflow,ESTAT:NAMA_10R_2HHINC(1.0),A,EUR_HAB,BAL,B5N,ES52,2020,14000,p
dataflow,ESTAT:NAMA_10R_2HHINC(1.0),A,EUR_HAB,BAL,B5N,ES53,2020,15200,p
dataflow,ESTAT:NAMA_10R_2HHINC(1.0),A,EUR_HAB,BAL,B5N,ES6,2020,12300,p
dataflow,ESTAT:NAMA_10R_2HHINC(1.0),A,EUR_HAB,BAL,B5N,ES61,2020,12100,p
dataflow,ESTAT:NAMA_10R_2HHINC(1.0),A,EUR_HAB,BAL,B5N,ES62,2020,13400,p
dataflow,ESTAT:NAMA_10R_2HHINC(1.0),A,EUR_HAB,BAL,B5N,ES63,2020,13600,p
dataflow,ESTAT:NAMA_10R_2HHINC(1.0),A,EUR_HAB,BAL,B5N,ES64,2020,12800,p
dataflow,ESTAT:NAMA_10R_2HHINC(1.0),A,EUR_HAB,BAL,B5N,ES7,2020,12100,p
dataflow,ESTAT:NAMA_10R_2HHINC(1.0),A,EUR_HAB,BAL,B5N,ES70,2020,12100,p
dataflow,ESTAT:NAMA_10R_2HHINC(1.0),A,EUR_HAB,BAL,B5N,EU27_2020,2020,19500,
dataflow,ESTAT:NAMA_10R_2HHINC(1.0),A,EUR_HAB,BAL,B5N,FI,2020,24800,
dataflow,ESTAT:NAMA_10R_2HHINC(1.0),A,EUR_HAB,BAL,B5N,FI1,2020,24800,
dataflow,ESTAT:NAMA_10R_2HHINC(1.0),A,EUR_HAB,BAL,B5N,FI19,2020,22800,
dataflow,ESTAT:NAMA_10R_2HHINC(1.0),A,EUR_HAB,BAL,B5N,FI1B,2020,30100,
dataflow,ESTAT:NAMA_10R_2HHINC(1.0),A,EUR_HAB,BAL,B5N,FI1C,2020,22900,
dataflow,ESTAT:NAMA_10R_2HHINC(1.0),A,EUR_HAB,BAL,B5N,FI1D,2020,21500,
dataflow,ESTAT:NAMA_10R_2HHINC(1.0),A,EUR_HAB,BAL,B5N,FI2,2020,27900,
dataflow,ESTAT:NAMA_10R_2HHINC(1.0),A,EUR_HAB,BAL,B5N,FI20,2020,27900,
dataflow,ESTAT:NAMA_10R_2HHINC(1.0),A,EUR_HAB,BAL,B5N,FR,2020,22400,e
dataflow,ESTAT:NAMA_10R_2HHINC(1.0),A,EUR_HAB,BAL,B5N,FR1,2020,31700,e
dataflow,ESTAT:NAMA_10R_2HHINC(1.0),A,EUR_HAB,BAL,B5N,FR10,2020,31700,e
dataflow,ESTAT:NAMA_10R_2HHINC(1.0),A,EUR_HAB,BAL,B5N,FRB,2020,19700,e
dataflow,ESTAT:NAMA_10R_2HHINC(1.0),A,EUR_HAB,BAL,B5N,FRB0,2020,19700,e
dataflow,ESTAT:NAMA_10R_2HHINC(1.0),A,EUR_HAB,BAL,B5N,FRC,2020,19700,e
dataflow,ESTAT:NAMA_10R_2HHINC(1.0),A,EUR_HAB,BAL,B5N,FRC1,2020,19900,e
dataflow,ESTAT:NAMA_10R_2HHINC(1.0),A,EUR_HAB,BAL,B5N,FRC2,2020,19400,e
dataflow,ESTAT:NAMA_10R_2HHINC(1.0),A,EUR_HAB,BAL,B5N,FRD,2020,20000,e
dataflow,ESTAT:NAMA_10R_2HHINC(1.0),A,EUR_HAB,BAL,B5N,FRD1,2020,19600,e
dataflow,ESTAT:NAMA_10R_2HHINC(1.0),A,EUR_HAB,BAL,B5N,FRD2,2020,20300,e
dataflow,ESTAT:NAMA_10R_2HHINC(1.0),A,EUR_HAB,BAL,B5N,FRE,2020,19000,e
dataflow,ESTAT:NAMA_10R_2HHINC(1.0),A,EUR_HAB,BAL,B5N,FRE1,2020,18900,e
dataflow,ESTAT:NAMA_10R_2HHINC(1.0),A,EUR_HAB,BAL,B5N,FRE2,2020,19300,e
dataflow,ESTAT:NAMA_10R_2HHINC(1.0),A,EUR_HAB,BAL,B5N,FRF,2020,20300,e
dataflow,ESTAT:NAMA_10R_2HHINC(1.0),A,EUR_HAB,BAL,B5N,FRF1,2020,21800,e
dataflow,ESTAT:NAMA_10R_2HHINC(1.0),A,EUR_HAB,BAL,B5N,FRF2,2020,19500,e
dataflow,ESTAT:NAMA_10R_2HHINC(1.0),A,EUR_HAB,BAL,B5N,FRF3,2020,19400,e
dataflow,ESTAT:NAMA_10R_2HHINC(1.0),A,EUR_HAB,BAL,B5N,FRG,2020,20900,e
dataflow,ESTAT:NAMA_10R_2HHINC(1.0),A,EUR_HAB,BAL,B5N,FRG0,2020,20900,e
dataflow,ESTAT:NAMA_10R_2HHINC(1.0),A,EUR_HAB,BAL,B5N,FRH,2020,19800,e
dataflow,ESTAT:NAMA_10R_2HHINC(1.0),A,EUR_HAB,BAL,B5N,FRH0,2020,19800,e
dataflow,ESTAT:NAMA_10R_2HHINC(1.0),A,EUR_HAB,BAL,B5N,FRI,2020,20000,e
dataflow,ESTAT:NAMA_10R_2HHINC(1.0),A,EUR_HAB,BAL,B5N,FRI1,2020,20600,e
dataflow,ESTAT:NAMA_10R_2HHINC(1.0),A,EUR_HAB,BAL,B5N,FRI2,2020,19300,e
dataflow,ESTAT:NAMA_10R_2HHINC(1.0),A,EUR_HAB,BAL,B5N,FRI3,2020,19000,e
dataflow,ESTAT:NAMA_10R_2HHINC(1.0),A,EUR_HAB,BAL,B5N,FRJ,2020,19900,e
dataflow,ESTAT:NAMA_10R_2HHINC(1.0),A,EUR_HAB,BAL,B5N,FRJ1,2020,18000,e
dataflow,ESTAT:NAMA_10R_2HHINC(1.0),A,EUR_HAB,BAL,B5N,FRJ2,2020,21700,e
dataflow,ESTAT:NAMA_10R_2HHINC(1.0),A,EUR_HAB,BAL,B5N,FRK,2020,22900,e
dataflow,ESTAT:NAMA_10R_2HHINC(1.0),A,EUR_HAB,BAL,B5N,FRK1,2020,19500,e
dataflow,ESTAT:NAMA_10R_2HHINC(1.0),A,EUR_HAB,BAL,B5N,FRK2,2020,23600,e
dataflow,ESTAT:NAMA_10R_2HHINC(1.0),A,EUR_HAB,BAL,B5N,FRL,2020,22000,e
dataflow,ESTAT:NAMA_10R_2HHINC(1.0),A,EUR_HAB,BAL,B5N,FRL0,2020,22000,e
dataflow,ESTAT:NAMA_10R_2HHINC(1.0),A,EUR_HAB,BAL,B5N,FRM,2020,20000,e
dataflow,ESTAT:NAMA_10R_2HHINC(1.0),A,EUR_HAB,BAL,B5N,FRM0,2020,20000,e
dataflow,ESTAT:NAMA_10R_2HHINC(1.0),A,EUR_HAB,BAL,B5N,FRY,2020,15400,e
dataflow,ESTAT:NAMA_10R_2HHINC(1.0),A,EUR_HAB,BAL,B5N,FRY1,2020,17000,e
dataflow,ESTAT:NAMA_10R_2HHINC(1.0),A,EUR_HAB,BAL,B5N,FRY2,2020,19800,e
dataflow,ESTAT:NAMA_10R_2HHINC(1.0),A,EUR_HAB,BAL,B5N,FRY3,2020,11900,e
dataflow,ESTAT:NAMA_10R_2HHINC(1.0),A,EUR_HAB,BAL,B5N,FRY4,2020,16600,e
dataflow,ESTAT:NAMA_10R_2HHINC(1.0),A,EUR_HAB,BAL,B5N,FRY5,2020,7600,e
dataflow,ESTAT:NAMA_10R_2HHINC(1.0),A,EUR_HAB,BAL,B5N,HR,2020,7900,
dataflow,ESTAT:NAMA_10R_2HHINC(1.0),A,EUR_HAB,BAL,B5N,HR0,2020,7900,
dataflow,ESTAT:NAMA_10R_2HHINC(1.0),A,EUR_HAB,BAL,B5N,HR02,2020,6100,
dataflow,ESTAT:NAMA_10R_2HHINC(1.0),A,EUR_HAB,BAL,B5N,HR03,2020,7500,
dataflow,ESTAT:NAMA_10R_2HHINC(1.0),A,EUR_HAB,BAL,B5N,HR05,2020,11400,
dataflow,ESTAT:NAMA_10R_2HHINC(1.0),A,EUR_HAB,BAL,B5N,HR06,2020,7800,
dataflow,ESTAT:NAMA_10R_2HHINC(1.0),A,EUR_HAB,BAL,B5N,HU,2020,8400,
dataflow,ESTAT:NAMA_10R_2HHINC(1.0),A,EUR_HAB,BAL,B5N,HU1,2020,11100,
dataflow,ESTAT:NAMA_10R_2HHINC(1.0),A,EUR_HAB,BAL,B5N,HU11,2020,12700,
dataflow,ESTAT:NAMA_10R_2HHINC(1.0),A,EUR_HAB,BAL,B5N,HU12,2020,8900,
dataflow,ESTAT:NAMA_10R_2HHINC(1.0),A,EUR_HAB,BAL,B5N,HU2,2020,7700,
dataflow,ESTAT:NAMA_10R_2HHINC(1.0),A,EUR_HAB,BAL,B5N,HU21,2020,8400,
dataflow,ESTAT:NAMA_10R_2HHINC(1.0),A,EUR_HAB,BAL,B5N,HU22,2020,7900,
dataflow,ESTAT:NAMA_10R_2HHINC(1.0),A,EUR_HAB,BAL,B5N,HU23,2020,6700,
dataflow,ESTAT:NAMA_10R_2HHINC(1.0),A,EUR_HAB,BAL,B5N,HU3,2020,6700,
dataflow,ESTAT:NAMA_10R_2HHINC(1.0),A,EUR_HAB,BAL,B5N,HU31,2020,6200,
dataflow,ESTAT:NAMA_10R_2HHINC(1.0),A,EUR_HAB,BAL,B5N,HU32,2020,6700,
dataflow,ESTAT:NAMA_10R_2HHINC(1.0),A,EUR_HAB,BAL,B5N,HU33,2020,7100,
dataflow,ESTAT:NAMA_10R_2HHINC(1.0),A,EUR_HAB,BAL,B5N,IE,2020,25000,
dataflow,ESTAT:NAMA_10R_2HHINC(1.0),A,EUR_HAB,BAL,B5N,IE0,2020,25000,
dataflow,ESTAT:NAMA_10R_2HHINC(1.0),A,EUR_HAB,BAL,B5N,IE04,2020,19400,
dataflow,ESTAT:NAMA_10R_2HHINC(1.0),A,EUR_HAB,BAL,B5N,IE05,2020,23600,
dataflow,ESTAT:NAMA_10R_2HHINC(1.0),A,EUR_HAB,BAL,B5N,IE06,2020,28000,
dataflow,ESTAT:NAMA_10R_2HHINC(1.0),A,EUR_HAB,BAL,B5N,IT,2020,18800,
dataflow,ESTAT:NAMA_10R_2HHINC(1.0),A,EUR_HAB,BAL,B5N,ITC,2020,23400,
dataflow,ESTAT:NAMA_10R_2HHINC(1.0),A,EUR_HAB,BAL,B5N,ITC1,2020,21300,
dataflow,ESTAT:NAMA_10R_2HHINC(1.0),A,EUR_HAB,BAL,B5N,ITC2,2020,19700,
dataflow,ESTAT:NAMA_10R_2HHINC(1.0),A,EUR_HAB,BAL,B5N,ITC3,2020,20200,
dataflow,ESTAT:NAMA_10R_2HHINC(1.0),A,EUR_HAB,BAL,B5N,ITC4,2020,24900,
dataflow,ESTAT:NAMA_10R_2HHINC(1.0),A,EUR_HAB,BAL,B5N,ITF,2020,12700,
dataflow,ESTAT:NAMA_10R_2HHINC(1.0),A,EUR_HAB,BAL,B5N,ITF1,2020,15300,
dataflow,ESTAT:NAMA_10R_2HHINC(1.0),A,EUR_HAB,BAL,B5N,ITF2,2020,13800,
dataflow,ESTAT:NAMA_10R_2HHINC(1.0),A,EUR_HAB,BAL,B5N,ITF3,2020,12300,
dataflow,ESTAT:NAMA_10R_2HHINC(1.0),A,EUR_HAB,BAL,B5N,ITF4,2020,12900,
dataflow,ESTAT:NAMA_10R_2HHINC(1.0),A,EUR_HAB,BAL,B5N,ITF5,2020,13500,
dataflow,ESTAT:NAMA_10R_2HHINC(1.0),A,EUR_HAB,BAL,B5N,ITF6,2020,11400,
dataflow,ESTAT:NAMA_10R_2HHINC(1.0),A,EUR_HAB,BAL,B5N,ITG,2020,12600,
dataflow,ESTAT:NAMA_10R_2HHINC(1.0),A,EUR_HAB,BAL,B5N,ITG1,2020,12100,
dataflow,ESTAT:NAMA_10R_2HHINC(1.0),A,EUR_HAB,BAL,B5N,ITG2,2020,14000,
dataflow,ESTAT:NAMA_10R_2HHINC(1.0),A,EUR_HAB,BAL,B5N,ITH,2020,22100,
dataflow,ESTAT:NAMA_10R_2HHINC(1.0),A,EUR_HAB,BAL,B5N,ITH1,2020,27100,
dataflow,ESTAT:NAMA_10R_2HHINC(1.0),A,EUR_HAB,BAL,B5N,ITH2,2020,21400,
dataflow,ESTAT:NAMA_10R_2HHINC(1.0),A,EUR_HAB,BAL,B5N,ITH3,2020,20900,
dataflow,ESTAT:NAMA_10R_2HHINC(1.0),A,EUR_HAB,BAL,B5N,ITH4,2020,20800,
dataflow,ESTAT:NAMA_10R_2HHINC(1.0),A,EUR_HAB,BAL,B5N,ITH5,2020,23300,
dataflow,ESTAT:NAMA_10R_2HHINC(1.0),A,EUR_HAB,BAL,B5N,ITI,2020,19700,
dataflow,ESTAT:NAMA_10R_2HHINC(1.0),A,EUR_HAB,BAL,B5N,ITI1,2020,19500,
dataflow,ESTAT:NAMA_10R_2HHINC(1.0),A,EUR_HAB,BAL,B5N,ITI2,2020,17500,
dataflow,ESTAT:NAMA_10R_2HHINC(1.0),A,EUR_HAB,BAL,B5N,ITI3,2020,18200,
dataflow,ESTAT:NAMA_10R_2HHINC(1.0),A,EUR_HAB,BAL,B5N,ITI4,2020,20600,
dataflow,ESTAT:NAMA_10R_2HHINC(1.0),A,EUR_HAB,BAL,B5N,LT,2020,11600,
dataflow,ESTAT:NAMA_10R_2HHINC(1.0),A,EUR_HAB,BAL,B5N,LT0,2020,11600,
dataflow,ESTAT:NAMA_10R_2HHINC(1.0),A,EUR_HAB,BAL,B5N,LT01,2020,14600,
dataflow,ESTAT:NAMA_10R_2HHINC(1.0),A,EUR_HAB,BAL,B5N,LT02,2020,10400,
dataflow,ESTAT:NAMA_10R_2HHINC(1.0),A,EUR_HAB,BAL,B5N,LU,2020,41700,
dataflow,ESTAT:NAMA_10R_2HHINC(1.0),A,EUR_HAB,BAL,B5N,LU,2021,43700,
dataflow,ESTAT:NAMA_10R_2HHINC(1.0),A,EUR_HAB,BAL,B5N,LU0,2020,41700,
dataflow,ESTAT:NAMA_10R_2HHINC(1.0),A,EUR_HAB,BAL,B5N,LU0,2021,43700,
dataflow,ESTAT:NAMA_10R_2HHINC(1.0),A,EUR_HAB,BAL,B5N,LU00,2020,41700,
dataflow,ESTAT:NAMA_10R_2HHINC(1.0),A,EUR_HAB,BAL,B5N,LU00,2021,43700,
dataflow,ESTAT:NAMA_10R_2HHINC(1.0),A,EUR_HAB,BAL,B5N,LV,2020,9800,
dataflow,ESTAT:NAMA_10R_2HHINC(1.0),A,EUR_HAB,BAL,B5N,LV0,2020,9800,
dataflow,ESTAT:NAMA_10R_2HHINC(1.0),A,EUR_HAB,BAL,B5N,LV00,2020,9800,
dataflow,ESTAT:NAMA_10R_2HHINC(1.0),A,EUR_HAB,BAL,B5N,NL,2020,29400,p
dataflow,ESTAT:NAMA_10R_2HHINC(1.0),A,EUR_HAB,BAL,B5N,NL1,2020,25500,p
dataflow,ESTAT:NAMA_10R_2HHINC(1.0),A,EUR_HAB,BAL,B5N,NL11,2020,25100,p
dataflow,ESTAT:NAMA_10R_2HHINC(1.0),A,EUR_HAB,BAL,B5N,NL12,2020,25300,p
dataflow,ESTAT:NAMA_10R_2HHINC(1.0),A,EUR_HAB,BAL,B5N,NL13,2020,26100,p
dataflow,ESTAT:NAMA_10R_2HHINC(1.0),A,EUR_HAB,BAL,B5N,NL2,2020,27800,p
dataflow,ESTAT:NAMA_10R_2HHINC(1.0),A,EUR_HAB,BAL,B5N,NL21,2020,26800,p
dataflow,ESTAT:NAMA_10R_2HHINC(1.0),A,EUR_HAB,BAL,B5N,NL22,2020,28300,p
dataflow,ESTAT:NAMA_10R_2HHINC(1.0),A,EUR_HAB,BAL,B5N,NL23,2020,28300,p
dataflow,ESTAT:NAMA_10R_2HHINC(1.0),A,EUR_HAB,BAL,B5N,NL3,2020,31300,p
dataflow,ESTAT:NAMA_10R_2HHINC(1.0),A,EUR_HAB,BAL,B5N,NL31,2020,34000,p
dataflow,ESTAT:NAMA_10R_2HHINC(1.0),A,EUR_HAB,BAL,B5N,NL32,2020,32700,p
dataflow,ESTAT:NAMA_10R_2HHINC(1.0),A,EUR_HAB,BAL,B5N,NL33,2020,29700,p
dataflow,ESTAT:NAMA_10R_2HHINC(1.0),A,EUR_HAB,BAL,B5N,NL34,2020,27100,p
dataflow,ESTAT:NAMA_10R_2HHINC(1.0),A,EUR_HAB,BAL,B5N,NL4,2020,28700,p
dataflow,ESTAT:NAMA_10R_2HHINC(1.0),A,EUR_HAB,BAL,B5N,NL41,2020,29800,p
dataflow,ESTAT:NAMA_10R_2HHINC(1.0),A,EUR_HAB,BAL,B5N,NL42,2020,26300,p
dataflow,ESTAT:NAMA_10R_2HHINC(1.0),A,EUR_HAB,BAL,B5N,PL,2020,8800,
dataflow,ESTAT:NAMA_10R_2HHINC(1.0),A,EUR_HAB,BAL,B5N,PL2,2020,8800,
dataflow,ESTAT:NAMA_10R_2HHINC(1.0),A,EUR_HAB,BAL,B5N,PL21,2020,8600,
dataflow,ESTAT:NAMA_10R_2HHINC(1.0),A,EUR_HAB,BAL,B5N,PL22,2020,9000,
dataflow,ESTAT:NAMA_10R_2HHINC(1.0),A,EUR_HAB,BAL,B5N,PL4,2020,8700,
dataflow,ESTAT:NAMA_10R_2HHINC(1.0),A,EUR_HAB,BAL,B5N,PL41,2020,9300,
dataflow,ESTAT:NAMA_10R_2HHINC(1.0),A,EUR_HAB,BAL,B5N,PL42,2020,8300,
dataflow,ESTAT:NAMA_10R_2HHINC(1.0),A,EUR_HAB,BAL,B5N,PL43,2020,7500,
dataflow,ESTAT:NAMA_10R_2HHINC(1.0),A,EUR_HAB,BAL,B5N,PL5,2020,8900,
dataflow,ESTAT:NAMA_10R_2HHINC(1.0),A,EUR_HAB,BAL,B5N,PL51,2020,9400,
dataflow,ESTAT:NAMA_10R_2HHINC(1.0),A,EUR_HAB,BAL,B5N,PL52,2020,7500,
dataflow,ESTAT:NAMA_10R_2HHINC(1.0),A,EUR_HAB,BAL,B5N,PL6,2020,8000,
dataflow,ESTAT:NAMA_10R_2HHINC(1.0),A,EUR_HAB,BAL,B5N,PL61,2020,7600,
dataflow,ESTAT:NAMA_10R_2HHINC(1.0),A,EUR_HAB,BAL,B5N,PL62,2020,7300,
dataflow,ESTAT:NAMA_10R_2HHINC(1.0),A,EUR_HAB,BAL,B5N,PL63,2020,8700,
dataflow,ESTAT:NAMA_10R_2HHINC(1.0),A,EUR_HAB,BAL,B5N,PL7,2020,8200,
dataflow,ESTAT:NAMA_10R_2HHINC(1.0),A,EUR_HAB,BAL,B5N,PL71,2020,8800,
dataflow,ESTAT:NAMA_10R_2HHINC(1.0),A,EUR_HAB,BAL,B5N,PL72,2020,7200,
dataflow,ESTAT:NAMA_10R_2HHINC(1.0),A,EUR_HAB,BAL,B5N,PL8,2020,7000,
dataflow,ESTAT:NAMA_10R_2HHINC(1.0),A,EUR_HAB,BAL,B5N,PL81,2020,7200,
dataflow,ESTAT:NAMA_10R_2HHINC(1.0),A,EUR_HAB,BAL,B5N,PL82,2020,6700,
dataflow,ESTAT:NAMA_10R_2HHINC(1.0),A,EUR_HAB,BAL,B5N,PL84,2020,7200,
dataflow,ESTAT:NAMA_10R_2HHINC(1.0),A,EUR_HAB,BAL,B5N,PL9,2020,12000,
dataflow,ESTAT:NAMA_10R_2HHINC(1.0),A,EUR_HAB,BAL,B5N,PL91,2020,14600,
dataflow,ESTAT:NAMA_10R_2HHINC(1.0),A,EUR_HAB,BAL,B5N,PL92,2020,8500,
dataflow,ESTAT:NAMA_10R_2HHINC(1.0),A,EUR_HAB,BAL,B5N,PT,2020,12300,
dataflow,ESTAT:NAMA_10R_2HHINC(1.0),A,EUR_HAB,BAL,B5N,PT1,2020,12300,
dataflow,ESTAT:NAMA_10R_2HHINC(1.0),A,EUR_HAB,BAL,B5N,PT11,2020,10900,
dataflow,ESTAT:NAMA_10R_2HHINC(1.0),A,EUR_HAB,BAL,B5N,PT15,2020,13200,
dataflow,ESTAT:NAMA_10R_2HHINC(1.0),A,EUR_HAB,BAL,B5N,PT16,2020,11100,
dataflow,ESTAT:NAMA_10R_2HHINC(1.0),A,EUR_HAB,BAL,B5N,PT17,2020,15100,
dataflow,ESTAT:NAMA_10R_2HHINC(1.0),A,EUR_HAB,BAL,B5N,PT18,2020,11900,
dataflow,ESTAT:NAMA_10R_2HHINC(1.0),A,EUR_HAB,BAL,B5N,PT2,2020,11900,
dataflow,ESTAT:NAMA_10R_2HHINC(1.0),A,EUR_HAB,BAL,B5N,PT20,2020,11900,
dataflow,ESTAT:NAMA_10R_2HHINC(1.0),A,EUR_HAB,BAL,B5N,PT3,2020,10800,
dataflow,ESTAT:NAMA_10R_2HHINC(1.0),A,EUR_HAB,BAL,B5N,PT30,2020,10800,
dataflow,ESTAT:NAMA_10R_2HHINC(1.0),A,EUR_HAB,BAL,B5N,RO,2020,6600,
dataflow,ESTAT:NAMA_10R_2HHINC(1.0),A,EUR_HAB,BAL,B5N,RO1,2020,6500,
dataflow,ESTAT:NAMA_10R_2HHINC(1.0),A,EUR_HAB,BAL,B5N,RO11,2020,6500,
dataflow,ESTAT:NAMA_10R_2HHINC(1.0),A,EUR_HAB,BAL,B5N,RO12,2020,6500,
dataflow,ESTAT:NAMA_10R_2HHINC(1.0),A,EUR_HAB,BAL,B5N,RO2,2020,4800,
dataflow,ESTAT:NAMA_10R_2HHINC(1.0),A,EUR_HAB,BAL,B5N,RO21,2020,4400,
dataflow,ESTAT:NAMA_10R_2HHINC(1.0),A,EUR_HAB,BAL,B5N,RO22,2020,5200,
dataflow,ESTAT:NAMA_10R_2HHINC(1.0),A,EUR_HAB,BAL,B5N,RO3,2020,9200,
dataflow,ESTAT:NAMA_10R_2HHINC(1.0),A,EUR_HAB,BAL,B5N,RO31,2020,5000,
dataflow,ESTAT:NAMA_10R_2HHINC(1.0),A,EUR_HAB,BAL,B5N,RO32,2020,14500,
dataflow,ESTAT:NAMA_10R_2HHINC(1.0),A,EUR_HAB,BAL,B5N,RO4,2020,6000,
dataflow,ESTAT:NAMA_10R_2HHINC(1.0),A,EUR_HAB,BAL,B5N,RO41,2020,5000,
dataflow,ESTAT:NAMA_10R_2HHINC(1.0),A,EUR_HAB,BAL,B5N,RO42,2020,7100,
dataflow,ESTAT:NAMA_10R_2HHINC(1.0),A,EUR_HAB,BAL,B5N,SE,2020,26200,
dataflow,ESTAT:NAMA_10R_2HHINC(1.0),A,EUR_HAB,BAL,B5N,SE1,2020,28900,
dataflow,ESTAT:NAMA_10R_2HHINC(1.0),A,EUR_HAB,BAL,B5N,SE11,2020,32700,
dataflow,ESTAT:NAMA_10R_2HHINC(1.0),A,EUR_HAB,BAL,B5N,SE12,2020,23800,
dataflow,ESTAT:NAMA_10R_2HHINC(1.0),A,EUR_HAB,BAL,B5N,SE2,2020,24900,
dataflow,ESTAT:NAMA_10R_2HHINC(1.0),A,EUR_HAB,BAL,B5N,SE21,2020,23100,
dataflow,ESTAT:NAMA_10R_2HHINC(1.0),A,EUR_HAB,BAL,B5N,SE22,2020,24600,
dataflow,ESTAT:NAMA_10R_2HHINC(1.0),A,EUR_HAB,BAL,B5N,SE23,2020,26000,
dataflow,ESTAT:NAMA_10R_2HHINC(1.0),A,EUR_HAB,BAL,B5N,SE3,2020,22800,
dataflow,ESTAT:NAMA_10R_2HHINC(1.0),A,EUR_HAB,BAL,B5N,SE31,2020,22100,
dataflow,ESTAT:NAMA_10R_2HHINC(1.0),A,EUR_HAB,BAL,B5N,SE32,2020,22800,
dataflow,ESTAT:NAMA_10R_2HHINC(1.0),A,EUR_HAB,BAL,B5N,SE33,2020,24000,
dataflow,ESTAT:NAMA_10R_2HHINC(1.0),A,EUR_HAB,BAL,B5N,SI,2020,14400,
dataflow,ESTAT:NAMA_10R_2HHINC(1.0),A,EUR_HAB,BAL,B5N,SI,2021,15700,
dataflow,ESTAT:NAMA_10R_2HHINC(1.0),A,EUR_HAB,BAL,B5N,SI0,2020,14400,
dataflow,ESTAT:NAMA_10R_2HHINC(1.0),A,EUR_HAB,BAL,B5N,SI0,2021,15700,
dataflow,ESTAT:NAMA_10R_2HHINC(1.0),A,EUR_HAB,BAL,B5N,SI03,2020,13900,
dataflow,ESTAT:NAMA_10R_2HHINC(1.0),A,EUR_HAB,BAL,B5N,SI03,2021,15000,
dataflow,ESTAT:NAMA_10R_2HHINC(1.0),A,EUR_HAB,BAL,B5N,SI04,2020,15000,
dataflow,ESTAT:NAMA_10R_2HHINC(1.0),A,EUR_HAB,BAL,B5N,SI04,2021,16600,
dataflow,ESTAT:NAMA_10R_2HHINC(1.0),A,EUR_HAB,BAL,B5N,SK,2020,10400,
dataflow,ESTAT:NAMA_10R_2HHINC(1.0),A,EUR_HAB,BAL,B5N,SK0,2020,10400,
dataflow,ESTAT:NAMA_10R_2HHINC(1.0),A,EUR_HAB,BAL,B5N,SK01,2020,19100,
dataflow,ESTAT:NAMA_10R_2HHINC(1.0),A,EUR_HAB,BAL,B5N,SK02,2020,9800,
dataflow,ESTAT:NAMA_10R_2HHINC(1.0),A,EUR_HAB,BAL,B5N,SK03,2020,9800,
dataflow,ESTAT:NAMA_10R_2HHINC(1.0),A,EUR_HAB,BAL,B5N,SK04,2020,7900,
dataflow,ESTAT:NAMA_10R_2HHINC(1.0),A,EUR_HAB,BAL,B6N,AT,2020,23500,
dataflow,ESTAT:NAMA_10R_2HHINC(1.0),A,EUR_HAB,BAL,B6N,AT1,2020,23300,
dataflow,ESTAT:NAMA_10R_2HHINC(1.0),A,EUR_HAB,BAL,B6N,AT11,2020,24400,
dataflow,ESTAT:NAMA_10R_2HHINC(1.0),A,EUR_HAB,BAL,B6N,AT12,2020,24600,
dataflow,ESTAT:NAMA_10R_2HHINC(1.0),A,EUR_HAB,BAL,B6N,AT13,2020,22000,
dataflow,ESTAT:NAMA_10R_2HHINC(1.0),A,EUR_HAB,BAL,B6N,AT2,2020,23300,
dataflow,ESTAT:NAMA_10R_2HHINC(1.0),A,EUR_HAB,BAL,B6N,AT21,2020,23000,
dataflow,ESTAT:NAMA_10R_2HHINC(1.0),A,EUR_HAB,BAL,B6N,AT22,2020,23400,
dataflow,ESTAT:NAMA_10R_2HHINC(1.0),A,EUR_HAB,BAL,B6N,AT3,2020,23800,
dataflow,ESTAT:NAMA_10R_2HHINC(1.0),A,EUR_HAB,BAL,B6N,AT31,2020,23800,
dataflow,ESTAT:NAMA_10R_2HHINC(1.0),A,EUR_HAB,BAL,B6N,AT32,2020,24000,
dataflow,ESTAT:NAMA_10R_2HHINC(1.0),A,EUR_HAB,BAL,B6N,AT33,2020,23300,
dataflow,ESTAT:NAMA_10R_2HHINC(1.0),A,EUR_HAB,BAL,B6N,AT34,2020,24700,
dataflow,ESTAT:NAMA_10R_2HHINC(1.0),A,EUR_HAB,BAL,B6N,BE,2020,22200,p
dataflow,ESTAT:NAMA_10R_2HHINC(1.0),A,EUR_HAB,BAL,B6N,BE1,2020,20700,p
dataflow,ESTAT:NAMA_10R_2HHINC(1.0),A,EUR_HAB,BAL,B6N,BE10,2020,20700,p
dataflow,ESTAT:NAMA_10R_2HHINC(1.0),A,EUR_HAB,BAL,B6N,BE2,2020,23400,p
dataflow,ESTAT:NAMA_10R_2HHINC(1.0),A,EUR_HAB,BAL,B6N,BE21,2020,22900,p
dataflow,ESTAT:NAMA_10R_2HHINC(1.0),A,EUR_HAB,BAL,B6N,BE22,2020,22200,p
dataflow,ESTAT:NAMA_10R_2HHINC(1.0),A,EUR_HAB,BAL,B6N,BE23,2020,23100,p
dataflow,ESTAT:NAMA_10R_2HHINC(1.0),A,EUR_HAB,BAL,B6N,BE24,2020,25400,p
dataflow,ESTAT:NAMA_10R_2HHINC(1.0),A,EUR_HAB,BAL,B6N,BE25,2020,23400,p
dataflow,ESTAT:NAMA_10R_2HHINC(1.0),A,EUR_HAB,BAL,B6N,BE3,2020,20700,p
dataflow,ESTAT:NAMA_10R_2HHINC(1.0),A,EUR_HAB,BAL,B6N,BE31,2020,24100,p
dataflow,ESTAT:NAMA_10R_2HHINC(1.0),A,EUR_HAB,BAL,B6N,BE32,2020,19900,p
dataflow,ESTAT:NAMA_10R_2HHINC(1.0),A,EUR_HAB,BAL,B6N,BE33,2020,20300,p
dataflow,ESTAT:NAMA_10R_2HHINC(1.0),A,EUR_HAB,BAL,B6N,BE34,2020,21300,p
dataflow,ESTAT:NAMA_10R_2HHINC(1.0),A,EUR_HAB,BAL,B6N,BE35,2020,20700,p
dataflow,ESTAT:NAMA_10R_2HHINC(1.0),A,EUR_HAB,BAL,B6N,BG,2020,5100,
dataflow,ESTAT:NAMA_10R_2HHINC(1.0),A,EUR_HAB,BAL,B6N,BG3,2020,4000,
dataflow,ESTAT:NAMA_10R_2HHINC(1.0),A,EUR_HAB,BAL,B6N,BG31,2020,3900,
dataflow,ESTAT:NAMA_10R_2HHINC(1.0),A,EUR_HAB,BAL,B6N,BG32,2020,4200,
dataflow,ESTAT:NAMA_10R_2HHINC(1.0),A,EUR_HAB,BAL,B6N,BG33,2020,4000,
dataflow,ESTAT:NAMA_10R_2HHINC(1.0),A,EUR_HAB,BAL,B6N,BG34,2020,4000,
dataflow,ESTAT:NAMA_10R_2HHINC(1.0),A,EUR_HAB,BAL,B6N,BG4,2020,6100,
dataflow,ESTAT:NAMA_10R_2HHINC(1.0),A,EUR_HAB,BAL,B6N,BG41,2020,7500,
dataflow,ESTAT:NAMA_10R_2HHINC(1.0),A,EUR_HAB,BAL,B6N,BG42,2020,4100,
dataflow,ESTAT:NAMA_10R_2HHINC(1.0),A,EUR_HAB,BAL,B6N,CY,2020,15800,
dataflow,ESTAT:NAMA_10R_2HHINC(1.0),A,EUR_HAB,BAL,B6N,CY,2021,16200,p
dataflow,ESTAT:NAMA_10R_2HHINC(1.0),A,EUR_HAB,BAL,B6N,CY0,2020,15800,
dataflow,ESTAT:NAMA_10R_2HHINC(1.0),A,EUR_HAB,BAL,B6N,CY0,2021,16200,p
dataflow,ESTAT:NAMA_10R_2HHINC(1.0),A,EUR_HAB,BAL,B6N,CY00,2020,15800,
dataflow,ESTAT:NAMA_10R_2HHINC(1.0),A,EUR_HAB,BAL,B6N,CY00,2021,16200,p
dataflow,ESTAT:NAMA_10R_2HHINC(1.0),A,EUR_HAB,BAL,B6N,CZ,2020,10400,
dataflow,ESTAT:NAMA_10R_2HHINC(1.0),A,EUR_HAB,BAL,B6N,CZ,2021,11500,
dataflow,ESTAT:NAMA_10R_2HHINC(1.0),A,EUR_HAB,BAL,B6N,CZ0,2020,10400,
dataflow,ESTAT:NAMA_10R_2HHINC(1.0),A,EUR_HAB,BAL,B6N,CZ0,2021,11500,
dataflow,ESTAT:NAMA_10R_2HHINC(1.0),A,EUR_HAB,BAL,B6N,CZ01,2020,13400,
dataflow,ESTAT:NAMA_10R_2HHINC(1.0),A,EUR_HAB,BAL,B6N,CZ01,2021,15700,
dataflow,ESTAT:NAMA_10R_2HHINC(1.0),A,EUR_HAB,BAL,B6N,CZ02,2020,10600,
dataflow,ESTAT:NAMA_10R_2HHINC(1.0),A,EUR_HAB,BAL,B6N,CZ02,2021,11500,
dataflow,ESTAT:NAMA_10R_2HHINC(1.0),A,EUR_HAB,BAL,B6N,CZ03,2020,10100,
dataflow,ESTAT:NAMA_10R_2HHINC(1.0),A,EUR_HAB,BAL,B6N,CZ03,2021,11200,
dataflow,ESTAT:NAMA_10R_2HHINC(1.0),A,EUR_HAB,BAL,B6N,CZ04,2020,9400,
dataflow,ESTAT:NAMA_10R_2HHINC(1.0),A,EUR_HAB,BAL,B6N,CZ04,2021,10200,
dataflow,ESTAT:NAMA_10R_2HHINC(1.0),A,EUR_HAB,BAL,B6N,CZ05,2020,10000,
dataflow,ESTAT:NAMA_10R_2HHINC(1.0),A,EUR_HAB,BAL,B6N,CZ05,2021,10800,
dataflow,ESTAT:NAMA_10R_2HHINC(1.0),A,EUR_HAB,BAL,B6N,CZ06,2020,10300,
dataflow,ESTAT:NAMA_10R_2HHINC(1.0),A,EUR_HAB,BAL,B6N,CZ06,2021,11300,
dataflow,ESTAT:NAMA_10R_2HHINC(1.0),A,EUR_HAB,BAL,B6N,CZ07,2020,9600,
dataflow,ESTAT:NAMA_10R_2HHINC(1.0),A,EUR_HAB,BAL,B6N,CZ07,2021,10600,
dataflow,ESTAT:NAMA_10R_2HHINC(1.0),A,EUR_HAB,BAL,B6N,CZ08,2020,9500,
dataflow,ESTAT:NAMA_10R_2HHINC(1.0),A,EUR_HAB,BAL,B6N,CZ08,2021,10400,
dataflow,ESTAT:NAMA_10R_2HHINC(1.0),A,EUR_HAB,BAL,B6N,DE,2020,23200,p
dataflow,ESTAT:NAMA_10R_2HHINC(1.0),A,EUR_HAB,BAL,B6N,DE1,2020,25000,e
dataflow,ESTAT:NAMA_10R_2HHINC(1.0),A,EUR_HAB,BAL,B6N,DE11,2020,25500,e
dataflow,ESTAT:NAMA_10R_2HHINC(1.0),A,EUR_HAB,BAL,B6N,DE12,2020,24400,e
dataflow,ESTAT:NAMA_10R_2HHINC(1.0),A,EUR_HAB,BAL,B6N,DE13,2020,24900,e
dataflow,ESTAT:NAMA_10R_2HHINC(1.0),A,EUR_HAB,BAL,B6N,DE14,2020,25000,e
dataflow,ESTAT:NAMA_10R_2HHINC(1.0),A,EUR_HAB,BAL,B6N,DE2,2020,25400,e
dataflow,ESTAT:NAMA_10R_2HHINC(1.0),A,EUR_HAB,BAL,B6N,DE21,2020,28100,e
dataflow,ESTAT:NAMA_10R_2HHINC(1.0),A,EUR_HAB,BAL,B6N,DE22,2020,23600,e
dataflow,ESTAT:NAMA_10R_2HHINC(1.0),A,EUR_HAB,BAL,B6N,DE23,2020,23400,e
dataflow,ESTAT:NAMA_10R_2HHINC(1.0),A,EUR_HAB,BAL,B6N,DE24,2020,23400,e
dataflow,ESTAT:NAMA_10R_2HHINC(1.0),A,EUR_HAB,BAL,B6N,DE25,2020,24400,e
dataflow,ESTAT:NAMA_10R_2HHINC(1.0),A,EUR_HAB,BAL,B6N,DE26,2020,23900,e
dataflow,ESTAT:NAMA_10R_2HHINC(1.0),A,EUR_HAB,BAL,B6N,DE27,2020,24200,e
dataflow,ESTAT:NAMA_10R_2HHINC(1.0),A,EUR_HAB,BAL,B6N,DE3,2020,21200,e
dataflow,ESTAT:NAMA_10R_2HHINC(1.0),A,EUR_HAB,BAL,B6N,DE30,2020,21200,e
dataflow,ESTAT:NAMA_10R_2HHINC(1.0),A,EUR_HAB,BAL,B6N,DE4,2020,21700,e
dataflow,ESTAT:NAMA_10R_2HHINC(1.0),A,EUR_HAB,BAL,B6N,DE40,2020,21700,e
dataflow,ESTAT:NAMA_10R_2HHINC(1.0),A,EUR_HAB,BAL,B6N,DE5,2020,21500,e
dataflow,ESTAT:NAMA_10R_2HHINC(1.0),A,EUR_HAB,BAL,B6N,DE50,2020,21500,e
dataflow,ESTAT:NAMA_10R_2HHINC(1.0),A,EUR_HAB,BAL,B6N,DE6,2020,24800,e
dataflow,ESTAT:NAMA_10R_2HHINC(1.0),A,EUR_HAB,BAL,B6N,DE60,2020,24800,e
dataflow,ESTAT:NAMA_10R_2HHINC(1.0),A,EUR_HAB,BAL,B6N,DE7,2020,23900,e
dataflow,ESTAT:NAMA_10R_2HHINC(1.0),A,EUR_HAB,BAL,B6N,DE71,2020,24900,e
dataflow,ESTAT:NAMA_10R_2HHINC(1.0),A,EUR_HAB,BAL,B6N,DE72,2020,22200,e
dataflow,ESTAT:NAMA_10R_2HHINC(1.0),A,EUR_HAB,BAL,B6N,DE73,2020,22300,e
dataflow,ESTAT:NAMA_10R_2HHINC(1.0),A,EUR_HAB,BAL,B6N,DE8,2020,20600,e
dataflow,ESTAT:NAMA_10R_2HHINC(1.0),A,EUR_HAB,BAL,B6N,DE80,2020,20600,e
dataflow,ESTAT:NAMA_10R_2HHINC(1.0),A,EUR_HAB,BAL,B6N,DE9,2020,22400,e
dataflow,ESTAT:NAMA_10R_2HHINC(1.0),A,EUR_HAB,BAL,B6N,DE91,2020,22800,e
dataflow,ESTAT:NAMA_10R_2HHINC(1.0),A,EUR_HAB,BAL,B6N,DE92,2020,22400,e
dataflow,ESTAT:NAMA_10R_2HHINC(1.0),A,EUR_HAB,BAL,B6N,DE93,2020,23000,e
dataflow,ESTAT:NAMA_10R_2HHINC(1.0),A,EUR_HAB,BAL,B6N,DE94,2020,21700,e
dataflow,ESTAT:NAMA_10R_2HHINC(1.0),A,EUR_HAB,BAL,B6N,DEA,2020,22700,e
dataflow,ESTAT:NAMA_10R_2HHINC(1.0),A,EUR_HAB,BAL,B6N,DEA1,2020,22700,e
dataflow,ESTAT:NAMA_10R_2HHINC(1.0),A,EUR_HAB,BAL,B6N,DEA2,2020,23100,e
dataflow,ESTAT:NAMA_10R_2HHINC(1.0),A,EUR_HAB,BAL,B6N,DEA3,2020,22100,e
dataflow,ESTAT:NAMA_10R_2HHINC(1.0),A,EUR_HAB,BAL,B6N,DEA4,2020,23200,e
dataflow,ESTAT:NAMA_10R_2HHINC(1.0),A,EUR_HAB,BAL,B6N,DEA5,2020,22300,e
dataflow,ESTAT:NAMA_10R_2HHINC(1.0),A,EUR_HAB,BAL,B6N,DEB,2020,23000,e
dataflow,ESTAT:NAMA_10R_2HHINC(1.0),A,EUR_HAB,BAL,B6N,DEB1,2020,22900,e
dataflow,ESTAT:NAMA_10R_2HHINC(1.0),A,EUR_HAB,BAL,B6N,DEB2,2020,22400,e
dataflow,ESTAT:NAMA_10R_2HHINC(1.0),A,EUR_HAB,BAL,B6N,DEB3,2020,23200,e
dataflow,ESTAT:NAMA_10R_2HHINC(1.0),A,EUR_HAB,BAL,B6N,DEC,2020,21300,e
dataflow,ESTAT:NAMA_10R_2HHINC(1.0),A,EUR_HAB,BAL,B6N,DEC0,2020,21300,e
dataflow,ESTAT:NAMA_10R_2HHINC(1.0),A,EUR_HAB,BAL,B6N,DED,2020,21000,e
dataflow,ESTAT:NAMA_10R_2HHINC(1.0),A,EUR_HAB,BAL,B6N,DED2,2020,21100,e
dataflow,ESTAT:NAMA_10R_2HHINC(1.0),A,EUR_HAB,BAL,B6N,DED4,2020,21300,e
dataflow,ESTAT:NAMA_10R_2HHINC(1.0),A,EUR_HAB,BAL,B6N,DED5,2020,20500,e
dataflow,ESTAT:NAMA_10R_2HHINC(1.0),A,EUR_HAB,BAL,B6N,DEE,2020,20500,e
dataflow,ESTAT:NAMA_10R_2HHINC(1.0),A,EUR_HAB,BAL,B6N,DEE0,2020,20500,e
dataflow,ESTAT:NAMA_10R_2HHINC(1.0),A,EUR_HAB,BAL,B6N,DEF,2020,23700,e
dataflow,ESTAT:NAMA_10R_2HHINC(1.0),A,EUR_HAB,BAL,B6N,DEF0,2020,23700,e
dataflow,ESTAT:NAMA_10R_2HHINC(1.0),A,EUR_HAB,BAL,B6N,DEG,2020,20400,e
dataflow,ESTAT:NAMA_10R_2HHINC(1.0),A,EUR_HAB,BAL,B6N,DEG0,2020,20400,e
dataflow,ESTAT:NAMA_10R_2HHINC(1.0),A,EUR_HAB,BAL,B6N,DK,2020,23600,
dataflow,ESTAT:NAMA_10R_2HHINC(1.0),A,EUR_HAB,BAL,B6N,DK,2021,23900,
dataflow,ESTAT:NAMA_10R_2HHINC(1.0),A,EUR_HAB,BAL,B6N,DK0,2020,23600,
dataflow,ESTAT:NAMA_10R_2HHINC(1.0),A,EUR_HAB,BAL,B6N,DK0,2021,23900,
dataflow,ESTAT:NAMA_10R_2HHINC(1.0),A,EUR_HAB,BAL,B6N,DK01,2020,24900,
dataflow,ESTAT:NAMA_10R_2HHINC(1.0),A,EUR_HAB,BAL,B6N,DK01,2021,25100,
dataflow,ESTAT:NAMA_10R_2HHINC(1.0),A,EUR_HAB,BAL,B6N,DK02,2020,23600,
dataflow,ESTAT:NAMA_10R_2HHINC(1.0),A,EUR_HAB,BAL,B6N,DK02,2021,23900,
dataflow,ESTAT:NAMA_10R_2HHINC(1.0),A,EUR_HAB,BAL,B6N,DK03,2020,22800,
dataflow,ESTAT:NAMA_10R_2HHINC(1.0),A,EUR_HAB,BAL,B6N,DK03,2021,23100,
dataflow,ESTAT:NAMA_10R_2HHINC(1.0),A,EUR_HAB,BAL,B6N,DK04,2020,23100,
dataflow,ESTAT:NAMA_10R_2HHINC(1.0),A,EUR_HAB,BAL,B6N,DK04,2021,23400,
dataflow,ESTAT:NAMA_10R_2HHINC(1.0),A,EUR_HAB,BAL,B6N,DK05,2020,22900,
dataflow,ESTAT:NAMA_10R_2HHINC(1.0),A,EUR_HAB,BAL,B6N,DK05,2021,23100,
dataflow,ESTAT:NAMA_10R_2HHINC(1.0),A,EUR_HAB,BAL,B6N,EE,2020,10900,
dataflow,ESTAT:NAMA_10R_2HHINC(1.0),A,EUR_HAB,BAL,B6N,EE,2021,11800,
dataflow,ESTAT:NAMA_10R_2HHINC(1.0),A,EUR_HAB,BAL,B6N,EE0,2020,10900,
dataflow,ESTAT:NAMA_10R_2HHINC(1.0),A,EUR_HAB,BAL,B6N,EE0,2021,11800,
dataflow,ESTAT:NAMA_10R_2HHINC(1.0),A,EUR_HAB,BAL,B6N,EE00,2020,10900,
dataflow,ESTAT:NAMA_10R_2HHINC(1.0),A,EUR_HAB,BAL,B6N,EE00,2021,11800,
dataflow,ESTAT:NAMA_10R_2HHINC(1.0),A,EUR_HAB,BAL,B6N,EL,2020,10200,p
dataflow,ESTAT:NAMA_10R_2HHINC(1.0),A,EUR_HAB,BAL,B6N,EL3,2020,11600,p
dataflow,ESTAT:NAMA_10R_2HHINC(1.0),A,EUR_HAB,BAL,B6N,EL30,2020,11600,p
dataflow,ESTAT:NAMA_10R_2HHINC(1.0),A,EUR_HAB,BAL,B6N,EL4,2020,9300,p
dataflow,ESTAT:NAMA_10R_2HHINC(1.0),A,EUR_HAB,BAL,B6N,EL41,2020,8700,p
dataflow,ESTAT:NAMA_10R_2HHINC(1.0),A,EUR_HAB,BAL,B6N,EL42,2020,10000,p
dataflow,ESTAT:NAMA_10R_2HHINC(1.0),A,EUR_HAB,BAL,B6N,EL43,2020,9200,p
dataflow,ESTAT:NAMA_10R_2HHINC(1.0),A,EUR_HAB,BAL,B6N,EL5,2020,9500,p
dataflow,ESTAT:NAMA_10R_2HHINC(1.0),A,EUR_HAB,BAL,B6N,EL51,2020,8700,p
dataflow,ESTAT:NAMA_10R_2HHINC(1.0),A,EUR_HAB,BAL,B6N,EL52,2020,9600,p
dataflow,ESTAT:NAMA_10R_2HHINC(1.0),A,EUR_HAB,BAL,B6N,EL53,2020,10400,p
dataflow,ESTAT:NAMA_10R_2HHINC(1.0),A,EUR_HAB,BAL,B6N,EL54,2020,9600,p
dataflow,ESTAT:NAMA_10R_2HHINC(1.0),A,EUR_HAB,BAL,B6N,EL6,2020,9200,p
dataflow,ESTAT:NAMA_10R_2HHINC(1.0),A,EUR_HAB,BAL,B6N,EL61,2020,9200,p
dataflow,ESTAT:NAMA_10R_2HHINC(1.0),A,EUR_HAB,BAL,B6N,EL62,2020,11200,p
dataflow,ESTAT:NAMA_10R_2HHINC(1.0),A,EUR_HAB,BAL,B6N,EL63,2020,8800,p
dataflow,ESTAT:NAMA_10R_2HHINC(1.0),A,EUR_HAB,BAL,B6N,EL64,2020,8800,p
dataflow,ESTAT:NAMA_10R_2HHINC(1.0),A,EUR_HAB,BAL,B6N,EL65,2020,9400,p
dataflow,ESTAT:NAMA_10R_2HHINC(1.0),A,EUR_HAB,BAL,B6N,ES,2020,15100,p
dataflow,ESTAT:NAMA_10R_2HHINC(1.0),A,EUR_HAB,BAL,B6N,ES1,2020,15000,p
dataflow,ESTAT:NAMA_10R_2HHINC(1.0),A,EUR_HAB,BAL,B6N,ES11,2020,14500,p
dataflow,ESTAT:NAMA_10R_2HHINC(1.0),A,EUR_HAB,BAL,B6N,ES12,2020,16100,p
dataflow,ESTAT:NAMA_10R_2HHINC(1.0),A,EUR_HAB,BAL,B6N,ES13,2020,15200,p
dataflow,ESTAT:NAMA_10R_2HHINC(1.0),A,EUR_HAB,BAL,B6N,ES2,2020,18000,p
dataflow,ESTAT:NAMA_10R_2HHINC(1.0),A,EUR_HAB,BAL,B6N,ES21,2020,19600,p
dataflow,ESTAT:NAMA_10R_2HHINC(1.0),A,EUR_HAB,BAL,B6N,ES22,2020,17200,p
dataflow,ESTAT:NAMA_10R_2HHINC(1.0),A,EUR_HAB,BAL,B6N,ES23,2020,15600,p
dataflow,ESTAT:NAMA_10R_2HHINC(1.0),A,EUR_HAB,BAL,B6N,ES24,2020,16400,p
dataflow,ESTAT:NAMA_10R_2HHINC(1.0),A,EUR_HAB,BAL,B6N,ES3,2020,18700,p
dataflow,ESTAT:NAMA_10R_2HHINC(1.0),A,EUR_HAB,BAL,B6N,ES30,2020,18700,p
dataflow,ESTAT:NAMA_10R_2HHINC(1.0),A,EUR_HAB,BAL,B6N,ES4,2020,14000,p
dataflow,ESTAT:NAMA_10R_2HHINC(1.0),A,EUR_HAB,BAL,B6N,ES41,2020,15600,p
dataflow,ESTAT:NAMA_10R_2HHINC(1.0),A,EUR_HAB,BAL,B6N,ES42,2020,13000,p
dataflow,ESTAT:NAMA_10R_2HHINC(1.0),A,EUR_HAB,BAL,B6N,ES43,2020,12400,p
dataflow,ESTAT:NAMA_10R_2HHINC(1.0),A,EUR_HAB,BAL,B6N,ES5,2020,15500,p
dataflow,ESTAT:NAMA_10R_2HHINC(1.0),A,EUR_HAB,BAL,B6N,ES51,2020,16900,p
dataflow,ESTAT:NAMA_10R_2HHINC(1.0),A,EUR_HAB,BAL,B6N,ES52,2020,13700,p
dataflow,ESTAT:NAMA_10R_2HHINC(1.0),A,EUR_HAB,BAL,B6N,ES53,2020,14000,p
dataflow,ESTAT:NAMA_10R_2HHINC(1.0),A,EUR_HAB,BAL,B6N,ES6,2020,12300,p
dataflow,ESTAT:NAMA_10R_2HHINC(1.0),A,EUR_HAB,BAL,B6N,ES61,2020,12200,p
dataflow,ESTAT:NAMA_10R_2HHINC(1.0),A,EUR_HAB,BAL,B6N,ES62,2020,12600,p
dataflow,ESTAT:NAMA_10R_2HHINC(1.0),A,EUR_HAB,BAL,B6N,ES63,2020,13500,p
dataflow,ESTAT:NAMA_10R_2HHINC(1.0),A,EUR_HAB,BAL,B6N,ES64,2020,12500,p
dataflow,ESTAT:NAMA_10R_2HHINC(1.0),A,EUR_HAB,BAL,B6N,ES7,2020,11800,p
dataflow,ESTAT:NAMA_10R_2HHINC(1.0),A,EUR_HAB,BAL,B6N,ES70,2020,11800,p
dataflow,ESTAT:NAMA_10R_2HHINC(1.0),A,EUR_HAB,BAL,B6N,EU27_2020,2020,17200,
dataflow,ESTAT:NAMA_10R_2HHINC(1.0),A,EUR_HAB,BAL,B6N,FI,2020,22200,
dataflow,ESTAT:NAMA_10R_2HHINC(1.0),A,EUR_HAB,BAL,B6N,FI1,2020,22200,
dataflow,ESTAT:NAMA_10R_2HHINC(1.0),A,EUR_HAB,BAL,B6N,FI19,2020,21100,
dataflow,ESTAT:NAMA_10R_2HHINC(1.0),A,EUR_HAB,BAL,B6N,FI1B,2020,24500,
dataflow,ESTAT:NAMA_10R_2HHINC(1.0),A,EUR_HAB,BAL,B6N,FI1C,2020,21700,
dataflow,ESTAT:NAMA_10R_2HHINC(1.0),A,EUR_HAB,BAL,B6N,FI1D,2020,20700,
dataflow,ESTAT:NAMA_10R_2HHINC(1.0),A,EUR_HAB,BAL,B6N,FI2,2020,23900,
dataflow,ESTAT:NAMA_10R_2HHINC(1.0),A,EUR_HAB,BAL,B6N,FI20,2020,23900,
dataflow,ESTAT:NAMA_10R_2HHINC(1.0),A,EUR_HAB,BAL,B6N,FR,2020,20700,e
dataflow,ESTAT:NAMA_10R_2HHINC(1.0),A,EUR_HAB,BAL,B6N,FR1,2020,24400,e
dataflow,ESTAT:NAMA_10R_2HHINC(1.0),A,EUR_HAB,BAL,B6N,FR10,2020,24400,e
dataflow,ESTAT:NAMA_10R_2HHINC(1.0),A,EUR_HAB,BAL,B6N,FRB,2020,19700,e
dataflow,ESTAT:NAMA_10R_2HHINC(1.0),A,EUR_HAB,BAL,B6N,FRB0,2020,19700,e
dataflow,ESTAT:NAMA_10R_2HHINC(1.0),A,EUR_HAB,BAL,B6N,FRC,2020,20000,e
dataflow,ESTAT:NAMA_10R_2HHINC(1.0),A,EUR_HAB,BAL,B6N,FRC1,2020,20900,e
dataflow,ESTAT:NAMA_10R_2HHINC(1.0),A,EUR_HAB,BAL,B6N,FRC2,2020,18700,e
dataflow,ESTAT:NAMA_10R_2HHINC(1.0),A,EUR_HAB,BAL,B6N,FRD,2020,20100,e
dataflow,ESTAT:NAMA_10R_2HHINC(1.0),A,EUR_HAB,BAL,B6N,FRD1,2020,20200,e
dataflow,ESTAT:NAMA_10R_2HHINC(1.0),A,EUR_HAB,BAL,B6N,FRD2,2020,20000,e
dataflow,ESTAT:NAMA_10R_2HHINC(1.0),A,EUR_HAB,BAL,B6N,FRE,2020,18500,e
dataflow,ESTAT:NAMA_10R_2HHINC(1.0),A,EUR_HAB,BAL,B6N,FRE1,2020,18200,e
dataflow,ESTAT:NAMA_10R_2HHINC(1.0),A,EUR_HAB,BAL,B6N,FRE2,2020,19100,e
dataflow,ESTAT:NAMA_10R_2HHINC(1.0),A,EUR_HAB,BAL,B6N,FRF,2020,19300,e
dataflow,ESTAT:NAMA_10R_2HHINC(1.0),A,EUR_HAB,BAL,B6N,FRF1,2020,19800,e
dataflow,ESTAT:NAMA_10R_2HHINC(1.0),A,EUR_HAB,BAL,B6N,FRF2,2020,19600,e
dataflow,ESTAT:NAMA_10R_2HHINC(1.0),A,EUR_HAB,BAL,B6N,FRF3,2020,18800,e
dataflow,ESTAT:NAMA_10R_2HHINC(1.0),A,EUR_HAB,BAL,B6N,FRG,2020,20400,e
dataflow,ESTAT:NAMA_10R_2HHINC(1.0),A,EUR_HAB,BAL,B6N,FRG0,2020,20400,e
dataflow,ESTAT:NAMA_10R_2HHINC(1.0),A,EUR_HAB,BAL,B6N,FRH,2020,19800,e
dataflow,ESTAT:NAMA_10R_2HHINC(1.0),A,EUR_HAB,BAL,B6N,FRH0,2020,19800,e
dataflow,ESTAT:NAMA_10R_2HHINC(1.0),A,EUR_HAB,BAL,B6N,FRI,2020,20300,e
dataflow,ESTAT:NAMA_10R_2HHINC(1.0),A,EUR_HAB,BAL,B6N,FRI1,2020,20300,e
dataflow,ESTAT:NAMA_10R_2HHINC(1.0),A,EUR_HAB,BAL,B6N,FRI2,2020,20800,e
dataflow,ESTAT:NAMA_10R_2HHINC(1.0),A,EUR_HAB,BAL,B6N,FRI3,2020,20000,e
dataflow,ESTAT:NAMA_10R_2HHINC(1.0),A,EUR_HAB,BAL,B6N,FRJ,2020,19900,e
dataflow,ESTAT:NAMA_10R_2HHINC(1.0),A,EUR_HAB,BAL,B6N,FRJ1,2020,18900,e
dataflow,ESTAT:NAMA_10R_2HHINC(1.0),A,EUR_HAB,BAL,B6N,FRJ2,2020,20800,e
dataflow,ESTAT:NAMA_10R_2HHINC(1.0),A,EUR_HAB,BAL,B6N,FRK,2020,21200,e
dataflow,ESTAT:NAMA_10R_2HHINC(1.0),A,EUR_HAB,BAL,B6N,FRK1,2020,20400,e
dataflow,ESTAT:NAMA_10R_2HHINC(1.0),A,EUR_HAB,BAL,B6N,FRK2,2020,21300,e
dataflow,ESTAT:NAMA_10R_2HHINC(1.0),A,EUR_HAB,BAL,B6N,FRL,2020,21100,e
dataflow,ESTAT:NAMA_10R_2HHINC(1.0),A,EUR_HAB,BAL,B6N,FRL0,2020,21100,e
dataflow,ESTAT:NAMA_10R_2HHINC(1.0),A,EUR_HAB,BAL,B6N,FRM,2020,19200,e
dataflow,ESTAT:NAMA_10R_2HHINC(1.0),A,EUR_HAB,BAL,B6N,FRM0,2020,19200,e
dataflow,ESTAT:NAMA_10R_2HHINC(1.0),A,EUR_HAB,BAL,B6N,FRY,2020,15100,e
dataflow,ESTAT:NAMA_10R_2HHINC(1.0),A,EUR_HAB,BAL,B6N,FRY1,2020,16400,e
dataflow,ESTAT:NAMA_10R_2HHINC(1.0),A,EUR_HAB,BAL,B6N,FRY2,2020,19100,e
dataflow,ESTAT:NAMA_10R_2HHINC(1.0),A,EUR_HAB,BAL,B6N,FRY3,2020,11500,e
dataflow,ESTAT:NAMA_10R_2HHINC(1.0),A,EUR_HAB,BAL,B6N,FRY4,2020,16800,e
dataflow,ESTAT:NAMA_10R_2HHINC(1.0),A,EUR_HAB,BAL,B6N,FRY5,2020,7000,e
dataflow,ESTAT:NAMA_10R_2HHINC(1.0),A,EUR_HAB,BAL,B6N,HR,2020,7600,
dataflow,ESTAT:NAMA_10R_2HHINC(1.0),A,EUR_HAB,BAL,B6N,HR0,2020,7600,
dataflow,ESTAT:NAMA_10R_2HHINC(1.0),A,EUR_HAB,BAL,B6N,HR02,2020,6500,
dataflow,ESTAT:NAMA_10R_2HHINC(1.0),A,EUR_HAB,BAL,B6N,HR03,2020,7600,
dataflow,ESTAT:NAMA_10R_2HHINC(1.0),A,EUR_HAB,BAL,B6N,HR05,2020,9800,
dataflow,ESTAT:NAMA_10R_2HHINC(1.0),A,EUR_HAB,BAL,B6N,HR06,2020,7300,
dataflow,ESTAT:NAMA_10R_2HHINC(1.0),A,EUR_HAB,BAL,B6N,HU,2020,7500,
dataflow,ESTAT:NAMA_10R_2HHINC(1.0),A,EUR_HAB,BAL,B6N,HU1,2020,9600,
dataflow,ESTAT:NAMA_10R_2HHINC(1.0),A,EUR_HAB,BAL,B6N,HU11,2020,11300,
dataflow,ESTAT:NAMA_10R_2HHINC(1.0),A,EUR_HAB,BAL,B6N,HU12,2020,7400,
dataflow,ESTAT:NAMA_10R_2HHINC(1.0),A,EUR_HAB,BAL,B6N,HU2,2020,6900,
dataflow,ESTAT:NAMA_10R_2HHINC(1.0),A,EUR_HAB,BAL,B6N,HU21,2020,7400,
dataflow,ESTAT:NAMA_10R_2HHINC(1.0),A,EUR_HAB,BAL,B6N,HU22,2020,7000,
dataflow,ESTAT:NAMA_10R_2HHINC(1.0),A,EUR_HAB,BAL,B6N,HU23,2020,6300,
dataflow,ESTAT:NAMA_10R_2HHINC(1.0),A,EUR_HAB,BAL,B6N,HU3,2020,6200,
dataflow,ESTAT:NAMA_10R_2HHINC(1.0),A,EUR_HAB,BAL,B6N,HU31,2020,5900,
dataflow,ESTAT:NAMA_10R_2HHINC(1.0),A,EUR_HAB,BAL,B6N,HU32,2020,6100,
dataflow,ESTAT:NAMA_10R_2HHINC(1.0),A,EUR_HAB,BAL,B6N,HU33,2020,6600,
dataflow,ESTAT:NAMA_10R_2HHINC(1.0),A,EUR_HAB,BAL,B6N,IE,2020,22900,
dataflow,ESTAT:NAMA_10R_2HHINC(1.0),A,EUR_HAB,BAL,B6N,IE0,2020,22900,
dataflow,ESTAT:NAMA_10R_2HHINC(1.0),A,EUR_HAB,BAL,B6N,IE04,2020,18500,
dataflow,ESTAT:NAMA_10R_2HHINC(1.0),A,EUR_HAB,BAL,B6N,IE05,2020,22000,
dataflow,ESTAT:NAMA_10R_2HHINC(1.0),A,EUR_HAB,BAL,B6N,IE06,2020,25100,
dataflow,ESTAT:NAMA_10R_2HHINC(1.0),A,EUR_HAB,BAL,B6N,IT,2020,17800,
dataflow,ESTAT:NAMA_10R_2HHINC(1.0),A,EUR_HAB,BAL,B6N,ITC,2020,21000,
dataflow,ESTAT:NAMA_10R_2HHINC(1.0),A,EUR_HAB,BAL,B6N,ITC1,2020,20000,
dataflow,ESTAT:NAMA_10R_2HHINC(1.0),A,EUR_HAB,BAL,B6N,ITC2,2020,18700,
dataflow,ESTAT:NAMA_10R_2HHINC(1.0),A,EUR_HAB,BAL,B6N,ITC3,2020,19600,
dataflow,ESTAT:NAMA_10R_2HHINC(1.0),A,EUR_HAB,BAL,B6N,ITC4,2020,21600,
dataflow,ESTAT:NAMA_10R_2HHINC(1.0),A,EUR_HAB,BAL,B6N,ITF,2020,13500,
dataflow,ESTAT:NAMA_10R_2HHINC(1.0),A,EUR_HAB,BAL,B6N,ITF1,2020,15500,
dataflow,ESTAT:NAMA_10R_2HHINC(1.0),A,EUR_HAB,BAL,B6N,ITF2,2020,14400,
dataflow,ESTAT:NAMA_10R_2HHINC(1.0),A,EUR_HAB,BAL,B6N,ITF3,2020,12900,
dataflow,ESTAT:NAMA_10R_2HHINC(1.0),A,EUR_HAB,BAL,B6N,ITF4,2020,13900,
dataflow,ESTAT:NAMA_10R_2HHINC(1.0),A,EUR_HAB,BAL,B6N,ITF5,2020,14200,
dataflow,ESTAT:NAMA_10R_2HHINC(1.0),A,EUR_HAB,BAL,B6N,ITF6,2020,13000,
dataflow,ESTAT:NAMA_10R_2HHINC(1.0),A,EUR_HAB,BAL,B6N,ITG,2020,13900,
dataflow,ESTAT:NAMA_10R_2HHINC(1.0),A,EUR_HAB,BAL,B6N,ITG1,2020,13500,
dataflow,ESTAT:NAMA_10R_2HHINC(1.0),A,EUR_HAB,BAL,B6N,ITG2,2020,15100,
dataflow,ESTAT:NAMA_10R_2HHINC(1.0),A,EUR_HAB,BAL,B6N,ITH,2020,20200,
dataflow,ESTAT:NAMA_10R_2HHINC(1.0),A,EUR_HAB,BAL,B6N,ITH1,2020,23600,
dataflow,ESTAT:NAMA_10R_2HHINC(1.0),A,EUR_HAB,BAL,B6N,ITH2,2020,19400,
dataflow,ESTAT:NAMA_10R_2HHINC(1.0),A,EUR_HAB,BAL,B6N,ITH3,2020,19100,
dataflow,ESTAT:NAMA_10R_2HHINC(1.0),A,EUR_HAB,BAL,B6N,ITH4,2020,19800,
dataflow,ESTAT:NAMA_10R_2HHINC(1.0),A,EUR_HAB,BAL,B6N,ITH5,2020,21200,
dataflow,ESTAT:NAMA_10R_2HHINC(1.0),A,EUR_HAB,BAL,B6N,ITI,2020,18400,
dataflow,ESTAT:NAMA_10R_2HHINC(1.0),A,EUR_HAB,BAL,B6N,ITI1,2020,18600,
dataflow,ESTAT:NAMA_10R_2HHINC(1.0),A,EUR_HAB,BAL,B6N,ITI2,2020,17600,
dataflow,ESTAT:NAMA_10R_2HHINC(1.0),A,EUR_HAB,BAL,B6N,ITI3,2020,17900,
dataflow,ESTAT:NAMA_10R_2HHINC(1.0),A,EUR_HAB,BAL,B6N,ITI4,2020,18600,
dataflow,ESTAT:NAMA_10R_2HHINC(1.0),A,EUR_HAB,BAL,B6N,LT,2020,11200,
dataflow,ESTAT:NAMA_10R_2HHINC(1.0),A,EUR_HAB,BAL,B6N,LT0,2020,11200,
dataflow,ESTAT:NAMA_10R_2HHINC(1.0),A,EUR_HAB,BAL,B6N,LT01,2020,13200,
dataflow,ESTAT:NAMA_10R_2HHINC(1.0),A,EUR_HAB,BAL,B6N,LT02,2020,10400,
dataflow,ESTAT:NAMA_10R_2HHINC(1.0),A,EUR_HAB,BAL,B6N,LU,2020,36500,
dataflow,ESTAT:NAMA_10R_2HHINC(1.0),A,EUR_HAB,BAL,B6N,LU,2021,36700,
dataflow,ESTAT:NAMA_10R_2HHINC(1.0),A,EUR_HAB,BAL,B6N,LU0,2020,36500,
dataflow,ESTAT:NAMA_10R_2HHINC(1.0),A,EUR_HAB,BAL,B6N,LU0,2021,36700,
dataflow,ESTAT:NAMA_10R_2HHINC(1.0),A,EUR_HAB,BAL,B6N,LU00,2020,36500,
dataflow,ESTAT:NAMA_10R_2HHINC(1.0),A,EUR_HAB,BAL,B6N,LU00,2021,36700,
dataflow,ESTAT:NAMA_10R_2HHINC(1.0),A,EUR_HAB,BAL,B6N,LV,2020,9100,
dataflow,ESTAT:NAMA_10R_2HHINC(1.0),A,EUR_HAB,BAL,B6N,LV0,2020,9100,
dataflow,ESTAT:NAMA_10R_2HHINC(1.0),A,EUR_HAB,BAL,B6N,LV00,2020,9100,
dataflow,ESTAT:NAMA_10R_2HHINC(1.0),A,EUR_HAB,BAL,B6N,NL,2020,22000,p
dataflow,ESTAT:NAMA_10R_2HHINC(1.0),A,EUR_HAB,BAL,B6N,NL1,2020,20700,p
dataflow,ESTAT:NAMA_10R_2HHINC(1.0),A,EUR_HAB,BAL,B6N,NL11,2020,20500,p
dataflow,ESTAT:NAMA_10R_2HHINC(1.0),A,EUR_HAB,BAL,B6N,NL12,2020,20700,p
dataflow,ESTAT:NAMA_10R_2HHINC(1.0),A,EUR_HAB,BAL,B6N,NL13,2020,21100,p
dataflow,ESTAT:NAMA_10R_2HHINC(1.0),A,EUR_HAB,BAL,B6N,NL2,2020,21300,p
dataflow,ESTAT:NAMA_10R_2HHINC(1.0),A,EUR_HAB,BAL,B6N,NL21,2020,20800,p
dataflow,ESTAT:NAMA_10R_2HHINC(1.0),A,EUR_HAB,BAL,B6N,NL22,2020,21600,p
dataflow,ESTAT:NAMA_10R_2HHINC(1.0),A,EUR_HAB,BAL,B6N,NL23,2020,21100,p
dataflow,ESTAT:NAMA_10R_2HHINC(1.0),A,EUR_HAB,BAL,B6N,NL3,2020,22500,p
dataflow,ESTAT:NAMA_10R_2HHINC(1.0),A,EUR_HAB,BAL,B6N,NL31,2020,23900,p
dataflow,ESTAT:NAMA_10R_2HHINC(1.0),A,EUR_HAB,BAL,B6N,NL32,2020,23200,p
dataflow,ESTAT:NAMA_10R_2HHINC(1.0),A,EUR_HAB,BAL,B6N,NL33,2020,21700,p
dataflow,ESTAT:NAMA_10R_2HHINC(1.0),A,EUR_HAB,BAL,B6N,NL34,2020,21200,p
dataflow,ESTAT:NAMA_10R_2HHINC(1.0),A,EUR_HAB,BAL,B6N,NL4,2020,21900,p
dataflow,ESTAT:NAMA_10R_2HHINC(1.0),A,EUR_HAB,BAL,B6N,NL41,2020,22200,p
dataflow,ESTAT:NAMA_10R_2HHINC(1.0),A,EUR_HAB,BAL,B6N,NL42,2020,21200,p
dataflow,ESTAT:NAMA_10R_2HHINC(1.0),A,EUR_HAB,BAL,B6N,PL,2020,8400,
dataflow,ESTAT:NAMA_10R_2HHINC(1.0),A,EUR_HAB,BAL,B6N,PL2,2020,8600,
dataflow,ESTAT:NAMA_10R_2HHINC(1.0),A,EUR_HAB,BAL,B6N,PL21,2020,8000,
dataflow,ESTAT:NAMA_10R_2HHINC(1.0),A,EUR_HAB,BAL,B6N,PL22,2020,9100,
dataflow,ESTAT:NAMA_10R_2HHINC(1.0),A,EUR_HAB,BAL,B6N,PL4,2020,8300,
dataflow,ESTAT:NAMA_10R_2HHINC(1.0),A,EUR_HAB,BAL,B6N,PL41,2020,8700,
dataflow,ESTAT:NAMA_10R_2HHINC(1.0),A,EUR_HAB,BAL,B6N,PL42,2020,8200,
dataflow,ESTAT:NAMA_10R_2HHINC(1.0),A,EUR_HAB,BAL,B6N,PL43,2020,7300,
dataflow,ESTAT:NAMA_10R_2HHINC(1.0),A,EUR_HAB,BAL,B6N,PL5,2020,8500,
dataflow,ESTAT:NAMA_10R_2HHINC(1.0),A,EUR_HAB,BAL,B6N,PL51,2020,8800,
dataflow,ESTAT:NAMA_10R_2HHINC(1.0),A,EUR_HAB,BAL,B6N,PL52,2020,7500,
dataflow,ESTAT:NAMA_10R_2HHINC(1.0),A,EUR_HAB,BAL,B6N,PL6,2020,7700,
dataflow,ESTAT:NAMA_10R_2HHINC(1.0),A,EUR_HAB,BAL,B6N,PL61,2020,7500,
dataflow,ESTAT:NAMA_10R_2HHINC(1.0),A,EUR_HAB,BAL,B6N,PL62,2020,7300,
dataflow,ESTAT:NAMA_10R_2HHINC(1.0),A,EUR_HAB,BAL,B6N,PL63,2020,8200,
dataflow,ESTAT:NAMA_10R_2HHINC(1.0),A,EUR_HAB,BAL,B6N,PL7,2020,8100,
dataflow,ESTAT:NAMA_10R_2HHINC(1.0),A,EUR_HAB,BAL,B6N,PL71,2020,8500,
dataflow,ESTAT:NAMA_10R_2HHINC(1.0),A,EUR_HAB,BAL,B6N,PL72,2020,7200,
dataflow,ESTAT:NAMA_10R_2HHINC(1.0),A,EUR_HAB,BAL,B6N,PL8,2020,6900,
dataflow,ESTAT:NAMA_10R_2HHINC(1.0),A,EUR_HAB,BAL,B6N,PL81,2020,7200,
dataflow,ESTAT:NAMA_10R_2HHINC(1.0),A,EUR_HAB,BAL,B6N,PL82,2020,6600,
dataflow,ESTAT:NAMA_10R_2HHINC(1.0),A,EUR_HAB,BAL,B6N,PL84,2020,7000,
dataflow,ESTAT:NAMA_10R_2HHINC(1.0),A,EUR_HAB,BAL,B6N,PL9,2020,10800,
dataflow,ESTAT:NAMA_10R_2HHINC(1.0),A,EUR_HAB,BAL,B6N,PL91,2020,12700,
dataflow,ESTAT:NAMA_10R_2HHINC(1.0),A,EUR_HAB,BAL,B6N,PL92,2020,8300,
dataflow,ESTAT:NAMA_10R_2HHINC(1.0),A,EUR_HAB,BAL,B6N,PT,2020,12400,
dataflow,ESTAT:NAMA_10R_2HHINC(1.0),A,EUR_HAB,BAL,B6N,PT1,2020,12400,
dataflow,ESTAT:NAMA_10R_2HHINC(1.0),A,EUR_HAB,BAL,B6N,PT11,2020,11000,
dataflow,ESTAT:NAMA_10R_2HHINC(1.0),A,EUR_HAB,BAL,B6N,PT15,2020,14700,
dataflow,ESTAT:NAMA_10R_2HHINC(1.0),A,EUR_HAB,BAL,B6N,PT16,2020,11800,
dataflow,ESTAT:NAMA_10R_2HHINC(1.0),A,EUR_HAB,BAL,B6N,PT17,2020,14300,
dataflow,ESTAT:NAMA_10R_2HHINC(1.0),A,EUR_HAB,BAL,B6N,PT18,2020,12200,
dataflow,ESTAT:NAMA_10R_2HHINC(1.0),A,EUR_HAB,BAL,B6N,PT2,2020,12200,
dataflow,ESTAT:NAMA_10R_2HHINC(1.0),A,EUR_HAB,BAL,B6N,PT20,2020,12200,
dataflow,ESTAT:NAMA_10R_2HHINC(1.0),A,EUR_HAB,BAL,B6N,PT3,2020,11600,
dataflow,ESTAT:NAMA_10R_2HHINC(1.0),A,EUR_HAB,BAL,B6N,PT30,2020,11600,
dataflow,ESTAT:NAMA_10R_2HHINC(1.0),A,EUR_HAB,BAL,B6N,RO,2020,6500,
dataflow,ESTAT:NAMA_10R_2HHINC(1.0),A,EUR_HAB,BAL,B6N,RO1,2020,6400,
dataflow,ESTAT:NAMA_10R_2HHINC(1.0),A,EUR_HAB,BAL,B6N,RO11,2020,6400,
dataflow,ESTAT:NAMA_10R_2HHINC(1.0),A,EUR_HAB,BAL,B6N,RO12,2020,6400,
dataflow,ESTAT:NAMA_10R_2HHINC(1.0),A,EUR_HAB,BAL,B6N,RO2,2020,5200,
dataflow,ESTAT:NAMA_10R_2HHINC(1.0),A,EUR_HAB,BAL,B6N,RO21,2020,5000,
dataflow,ESTAT:NAMA_10R_2HHINC(1.0),A,EUR_HAB,BAL,B6N,RO22,2020,5300,
dataflow,ESTAT:NAMA_10R_2HHINC(1.0),A,EUR_HAB,BAL,B6N,RO3,2020,8200,
dataflow,ESTAT:NAMA_10R_2HHINC(1.0),A,EUR_HAB,BAL,B6N,RO31,2020,5300,
dataflow,ESTAT:NAMA_10R_2HHINC(1.0),A,EUR_HAB,BAL,B6N,RO32,2020,11800,
dataflow,ESTAT:NAMA_10R_2HHINC(1.0),A,EUR_HAB,BAL,B6N,RO4,2020,6100,
dataflow,ESTAT:NAMA_10R_2HHINC(1.0),A,EUR_HAB,BAL,B6N,RO41,2020,5400,
dataflow,ESTAT:NAMA_10R_2HHINC(1.0),A,EUR_HAB,BAL,B6N,RO42,2020,6900,
dataflow,ESTAT:NAMA_10R_2HHINC(1.0),A,EUR_HAB,BAL,B6N,SE,2020,22000,
dataflow,ESTAT:NAMA_10R_2HHINC(1.0),A,EUR_HAB,BAL,B6N,SE1,2020,23400,
dataflow,ESTAT:NAMA_10R_2HHINC(1.0),A,EUR_HAB,BAL,B6N,SE11,2020,25500,
dataflow,ESTAT:NAMA_10R_2HHINC(1.0),A,EUR_HAB,BAL,B6N,SE12,2020,20600,
dataflow,ESTAT:NAMA_10R_2HHINC(1.0),A,EUR_HAB,BAL,B6N,SE2,2020,21200,
dataflow,ESTAT:NAMA_10R_2HHINC(1.0),A,EUR_HAB,BAL,B6N,SE21,2020,20100,
dataflow,ESTAT:NAMA_10R_2HHINC(1.0),A,EUR_HAB,BAL,B6N,SE22,2020,21100,
dataflow,ESTAT:NAMA_10R_2HHINC(1.0),A,EUR_HAB,BAL,B6N,SE23,2020,21700,
dataflow,ESTAT:NAMA_10R_2HHINC(1.0),A,EUR_HAB,BAL,B6N,SE3,2020,20400,
dataflow,ESTAT:NAMA_10R_2HHINC(1.0),A,EUR_HAB,BAL,B6N,SE31,2020,20100,
dataflow,ESTAT:NAMA_10R_2HHINC(1.0),A,EUR_HAB,BAL,B6N,SE32,2020,20400,
dataflow,ESTAT:NAMA_10R_2HHINC(1.0),A,EUR_HAB,BAL,B6N,SE33,2020,20900,
dataflow,ESTAT:NAMA_10R_2HHINC(1.0),A,EUR_HAB,BAL,B6N,SI,2020,13000,
dataflow,ESTAT:NAMA_10R_2HHINC(1.0),A,EUR_HAB,BAL,B6N,SI,2021,14000,
dataflow,ESTAT:NAMA_10R_2HHINC(1.0),A,EUR_HAB,BAL,B6N,SI0,2020,13000,
dataflow,ESTAT:NAMA_10R_2HHINC(1.0),A,EUR_HAB,BAL,B6N,SI0,2021,14000,
dataflow,ESTAT:NAMA_10R_2HHINC(1.0),A,EUR_HAB,BAL,B6N,SI03,2020,12800,
dataflow,ESTAT:NAMA_10R_2HHINC(1.0),A,EUR_HAB,BAL,B6N,SI03,2021,13600,
dataflow,ESTAT:NAMA_10R_2HHINC(1.0),A,EUR_HAB,BAL,B6N,SI04,2020,13200,
dataflow,ESTAT:NAMA_10R_2HHINC(1.0),A,EUR_HAB,BAL,B6N,SI04,2021,14400,
dataflow,ESTAT:NAMA_10R_2HHINC(1.0),A,EUR_HAB,BAL,B6N,SK,2020,10100,
dataflow,ESTAT:NAMA_10R_2HHINC(1.0),A,EUR_HAB,BAL,B6N,SK0,2020,10100,
dataflow,ESTAT:NAMA_10R_2HHINC(1.0),A,EUR_HAB,BAL,B6N,SK01,2020,16400,
dataflow,ESTAT:NAMA_10R_2HHINC(1.0),A,EUR_HAB,BAL,B6N,SK02,2020,9500,
dataflow,ESTAT:NAMA_10R_2HHINC(1.0),A,EUR_HAB,BAL,B6N,SK03,2020,9600,
dataflow,ESTAT:NAMA_10R_2HHINC(1.0),A,EUR_HAB,BAL,B6N,SK04,2020,8500,
