label,percent,agency
substituted,0.115%,abellio rail mitteldeutschland gmbh
-5–,,abellio rail mitteldeutschland gmbh
-4–,,abellio rail mitteldeutschland gmbh
-3–,,abellio rail mitteldeutschland gmbh
-2–,,abellio rail mitteldeutschland gmbh
-1–,,abellio rail mitteldeutschland gmbh
0–,76.7%,abellio rail mitteldeutschland gmbh
1–,4.89%,abellio rail mitteldeutschland gmbh
2–,2.82%,abellio rail mitteldeutschland gmbh
3–,2.19%,abellio rail mitteldeutschland gmbh
4–,1.55%,abellio rail mitteldeutschland gmbh
5–,1.09%,abellio rail mitteldeutschland gmbh
6–,0.920%,abellio rail mitteldeutschland gmbh
7–,0.863%,abellio rail mitteldeutschland gmbh
8–,0.518%,abellio rail mitteldeutschland gmbh
9–,0.690%,abellio rail mitteldeutschland gmbh
10–,0.403%,abellio rail mitteldeutschland gmbh
11–,1.84%,abellio rail mitteldeutschland gmbh
16–,0.575%,abellio rail mitteldeutschland gmbh
21–,0.173%,abellio rail mitteldeutschland gmbh
26–,0.115%,abellio rail mitteldeutschland gmbh
31–,0.403%,abellio rail mitteldeutschland gmbh
46–,0.0575%,abellio rail mitteldeutschland gmbh
61–,,abellio rail mitteldeutschland gmbh
76–,0.115%,abellio rail mitteldeutschland gmbh
91–,,abellio rail mitteldeutschland gmbh
cancelled,4.03%,abellio rail mitteldeutschland gmbh
substituted,0.198%,agili
-5–,,agili
-4–,,agili
-3–,,agili
-2–,,agili
-1–,,agili
0–,65.3%,agili
1–,8.93%,agili
2–,5.75%,agili
3–,2.38%,agili
4–,1.98%,agili
5–,1.98%,agili
6–,1.19%,agili
7–,0.397%,agili
8–,1.19%,agili
9–,1.19%,agili
10–,0.794%,agili
11–,0.595%,agili
16–,0.198%,agili
21–,0.595%,agili
26–,,agili
31–,0.198%,agili
46–,,agili
61–,,agili
76–,,agili
91–,,agili
cancelled,7.14%,agili
substituted,,akn eisenbahn gmbh
-5–,,akn eisenbahn gmbh
-4–,,akn eisenbahn gmbh
-3–,,akn eisenbahn gmbh
-2–,,akn eisenbahn gmbh
-1–,,akn eisenbahn gmbh
0–,85.3%,akn eisenbahn gmbh
1–,7.33%,akn eisenbahn gmbh
2–,6.81%,akn eisenbahn gmbh
3–,,akn eisenbahn gmbh
4–,,akn eisenbahn gmbh
5–,0.524%,akn eisenbahn gmbh
6–,,akn eisenbahn gmbh
7–,,akn eisenbahn gmbh
8–,,akn eisenbahn gmbh
9–,,akn eisenbahn gmbh
10–,,akn eisenbahn gmbh
11–,,akn eisenbahn gmbh
16–,,akn eisenbahn gmbh
21–,,akn eisenbahn gmbh
26–,,akn eisenbahn gmbh
31–,,akn eisenbahn gmbh
46–,,akn eisenbahn gmbh
61–,,akn eisenbahn gmbh
76–,,akn eisenbahn gmbh
91–,,akn eisenbahn gmbh
substituted,,alex - die länderbahn gmbh dlb
-5–,,alex - die länderbahn gmbh dlb
-4–,,alex - die länderbahn gmbh dlb
-3–,,alex - die länderbahn gmbh dlb
-2–,,alex - die länderbahn gmbh dlb
-1–,,alex - die länderbahn gmbh dlb
0–,71.0%,alex - die länderbahn gmbh dlb
1–,7.74%,alex - die länderbahn gmbh dlb
2–,1.94%,alex - die länderbahn gmbh dlb
3–,2.58%,alex - die länderbahn gmbh dlb
4–,0.645%,alex - die länderbahn gmbh dlb
5–,2.58%,alex - die länderbahn gmbh dlb
6–,0.645%,alex - die länderbahn gmbh dlb
7–,1.29%,alex - die länderbahn gmbh dlb
8–,1.94%,alex - die länderbahn gmbh dlb
9–,1.29%,alex - die länderbahn gmbh dlb
10–,1.29%,alex - die länderbahn gmbh dlb
11–,,alex - die länderbahn gmbh dlb
16–,0.645%,alex - die länderbahn gmbh dlb
21–,0.645%,alex - die länderbahn gmbh dlb
26–,,alex - die länderbahn gmbh dlb
31–,1.29%,alex - die länderbahn gmbh dlb
46–,,alex - die länderbahn gmbh dlb
61–,,alex - die länderbahn gmbh dlb
76–,,alex - die länderbahn gmbh dlb
91–,,alex - die länderbahn gmbh dlb
cancelled,4.52%,alex - die länderbahn gmbh dlb
substituted,,autokraft kiel gmbh
-5–,,autokraft kiel gmbh
-4–,,autokraft kiel gmbh
-3–,,autokraft kiel gmbh
-2–,,autokraft kiel gmbh
-1–,,autokraft kiel gmbh
0–,78.8%,autokraft kiel gmbh
1–,5.03%,autokraft kiel gmbh
2–,6.15%,autokraft kiel gmbh
3–,6.70%,autokraft kiel gmbh
4–,1.12%,autokraft kiel gmbh
5–,0.559%,autokraft kiel gmbh
6–,1.12%,autokraft kiel gmbh
7–,,autokraft kiel gmbh
8–,,autokraft kiel gmbh
9–,,autokraft kiel gmbh
10–,,autokraft kiel gmbh
11–,,autokraft kiel gmbh
16–,0.559%,autokraft kiel gmbh
21–,,autokraft kiel gmbh
26–,,autokraft kiel gmbh
31–,,autokraft kiel gmbh
46–,,autokraft kiel gmbh
61–,,autokraft kiel gmbh
76–,,autokraft kiel gmbh
91–,,autokraft kiel gmbh
substituted,0.118%,average
-5–,,average
-4–,,average
-3–,,average
-2–,0.000951%,average
-1–,,average
0–,53.8%,average
1–,15.8%,average
2–,7.16%,average
3–,4.39%,average
4–,2.98%,average
5–,2.35%,average
6–,1.53%,average
7–,1.25%,average
8–,1.05%,average
9–,0.815%,average
10–,0.819%,average
11–,2.19%,average
16–,1.09%,average
21–,0.622%,average
26–,0.453%,average
31–,0.558%,average
46–,0.220%,average
61–,0.0732%,average
76–,0.0342%,average
91–,0.0456%,average
cancelled,2.62%,average
substituted,,bayerische regiobahn
-5–,,bayerische regiobahn
-4–,,bayerische regiobahn
-3–,,bayerische regiobahn
-2–,,bayerische regiobahn
-1–,,bayerische regiobahn
0–,73.5%,bayerische regiobahn
1–,7.65%,bayerische regiobahn
2–,5.22%,bayerische regiobahn
3–,2.49%,bayerische regiobahn
4–,2.13%,bayerische regiobahn
5–,1.84%,bayerische regiobahn
6–,0.593%,bayerische regiobahn
7–,0.474%,bayerische regiobahn
8–,0.652%,bayerische regiobahn
9–,0.415%,bayerische regiobahn
10–,0.356%,bayerische regiobahn
11–,2.61%,bayerische regiobahn
16–,0.474%,bayerische regiobahn
21–,0.237%,bayerische regiobahn
26–,0.119%,bayerische regiobahn
31–,0.0593%,bayerische regiobahn
46–,,bayerische regiobahn
61–,,bayerische regiobahn
76–,,bayerische regiobahn
91–,,bayerische regiobahn
cancelled,1.19%,bayerische regiobahn
substituted,,cantus verkehrsgesellschaft
-5–,,cantus verkehrsgesellschaft
-4–,,cantus verkehrsgesellschaft
-3–,,cantus verkehrsgesellschaft
-2–,,cantus verkehrsgesellschaft
-1–,,cantus verkehrsgesellschaft
0–,66.4%,cantus verkehrsgesellschaft
1–,13.7%,cantus verkehrsgesellschaft
2–,5.21%,cantus verkehrsgesellschaft
3–,2.28%,cantus verkehrsgesellschaft
4–,1.95%,cantus verkehrsgesellschaft
5–,0.977%,cantus verkehrsgesellschaft
6–,1.30%,cantus verkehrsgesellschaft
7–,0.651%,cantus verkehrsgesellschaft
8–,0.977%,cantus verkehrsgesellschaft
9–,1.30%,cantus verkehrsgesellschaft
10–,1.30%,cantus verkehrsgesellschaft
11–,0.977%,cantus verkehrsgesellschaft
16–,0.326%,cantus verkehrsgesellschaft
21–,,cantus verkehrsgesellschaft
26–,,cantus verkehrsgesellschaft
31–,0.326%,cantus verkehrsgesellschaft
46–,0.326%,cantus verkehrsgesellschaft
61–,,cantus verkehrsgesellschaft
76–,,cantus verkehrsgesellschaft
91–,,cantus verkehrsgesellschaft
cancelled,1.95%,cantus verkehrsgesellschaft
substituted,,ceske drahy
-5–,,ceske drahy
-4–,,ceske drahy
-3–,,ceske drahy
-2–,,ceske drahy
-1–,,ceske drahy
0–,29.9%,ceske drahy
1–,28.7%,ceske drahy
2–,11.1%,ceske drahy
3–,6.64%,ceske drahy
4–,3.82%,ceske drahy
5–,2.04%,ceske drahy
6–,1.54%,ceske drahy
7–,1.50%,ceske drahy
8–,1.16%,ceske drahy
9–,1.07%,ceske drahy
10–,0.905%,ceske drahy
11–,3.24%,ceske drahy
16–,2.08%,ceske drahy
21–,1.38%,ceske drahy
26–,0.760%,ceske drahy
31–,1.76%,ceske drahy
46–,1.10%,ceske drahy
61–,0.525%,ceske drahy
76–,0.127%,ceske drahy
91–,0.326%,ceske drahy
cancelled,0.271%,ceske drahy
substituted,,cfl
-5–,,cfl
-4–,,cfl
-3–,,cfl
-2–,,cfl
-1–,,cfl
0–,60.5%,cfl
1–,16.6%,cfl
2–,10.8%,cfl
3–,4.48%,cfl
4–,4.04%,cfl
5–,2.24%,cfl
6–,0.448%,cfl
7–,,cfl
8–,,cfl
9–,,cfl
10–,,cfl
11–,0.448%,cfl
16–,,cfl
21–,,cfl
26–,,cfl
31–,0.448%,cfl
46–,,cfl
61–,,cfl
76–,,cfl
91–,,cfl
substituted,,city-bahn chemnitz
-5–,,city-bahn chemnitz
-4–,,city-bahn chemnitz
-3–,,city-bahn chemnitz
-2–,,city-bahn chemnitz
-1–,,city-bahn chemnitz
0–,85.1%,city-bahn chemnitz
1–,4.55%,city-bahn chemnitz
2–,2.07%,city-bahn chemnitz
3–,2.07%,city-bahn chemnitz
4–,1.24%,city-bahn chemnitz
5–,,city-bahn chemnitz
6–,2.48%,city-bahn chemnitz
7–,1.24%,city-bahn chemnitz
8–,,city-bahn chemnitz
9–,1.24%,city-bahn chemnitz
10–,,city-bahn chemnitz
11–,,city-bahn chemnitz
16–,,city-bahn chemnitz
21–,,city-bahn chemnitz
26–,,city-bahn chemnitz
31–,,city-bahn chemnitz
46–,,city-bahn chemnitz
61–,,city-bahn chemnitz
76–,,city-bahn chemnitz
91–,,city-bahn chemnitz
substituted,1.34%,db fernverkehr ag
-5–,,db fernverkehr ag
-4–,,db fernverkehr ag
-3–,,db fernverkehr ag
-2–,0.00131%,db fernverkehr ag
-1–,,db fernverkehr ag
0–,25.8%,db fernverkehr ag
1–,19.6%,db fernverkehr ag
2–,11.0%,db fernverkehr ag
3–,6.81%,db fernverkehr ag
4–,3.10%,db fernverkehr ag
5–,2.71%,db fernverkehr ag
6–,1.98%,db fernverkehr ag
7–,1.58%,db fernverkehr ag
8–,1.46%,db fernverkehr ag
9–,1.28%,db fernverkehr ag
10–,1.40%,db fernverkehr ag
11–,4.47%,db fernverkehr ag
16–,3.11%,db fernverkehr ag
21–,2.19%,db fernverkehr ag
26–,1.76%,db fernverkehr ag
31–,2.89%,db fernverkehr ag
46–,1.34%,db fernverkehr ag
61–,0.623%,db fernverkehr ag
76–,0.420%,db fernverkehr ag
91–,0.670%,db fernverkehr ag
cancelled,4.45%,db fernverkehr ag
substituted,0.117%,db regio ag bayern
-5–,,db regio ag bayern
-4–,,db regio ag bayern
-3–,,db regio ag bayern
-2–,,db regio ag bayern
-1–,,db regio ag bayern
0–,35.2%,db regio ag bayern
1–,30.2%,db regio ag bayern
2–,9.03%,db regio ag bayern
3–,6.68%,db regio ag bayern
4–,4.88%,db regio ag bayern
5–,3.18%,db regio ag bayern
6–,2.11%,db regio ag bayern
7–,1.42%,db regio ag bayern
8–,1.05%,db regio ag bayern
9–,0.746%,db regio ag bayern
10–,0.675%,db regio ag bayern
11–,1.56%,db regio ag bayern
16–,0.716%,db regio ag bayern
21–,0.313%,db regio ag bayern
26–,0.146%,db regio ag bayern
31–,0.150%,db regio ag bayern
46–,0.0298%,db regio ag bayern
61–,0.0116%,db regio ag bayern
76–,0.00579%,db regio ag bayern
91–,0.0108%,db regio ag bayern
cancelled,1.79%,db regio ag bayern
substituted,0.464%,db regio ag nord
-5–,,db regio ag nord
-4–,,db regio ag nord
-3–,,db regio ag nord
-2–,,db regio ag nord
-1–,,db regio ag nord
0–,55.4%,db regio ag nord
1–,18.8%,db regio ag nord
2–,5.51%,db regio ag nord
3–,2.85%,db regio ag nord
4–,2.85%,db regio ag nord
5–,2.39%,db regio ag nord
6–,1.13%,db regio ag nord
7–,0.697%,db regio ag nord
8–,0.697%,db regio ag nord
9–,0.597%,db regio ag nord
10–,1.03%,db regio ag nord
11–,1.33%,db regio ag nord
16–,1.29%,db regio ag nord
21–,0.332%,db regio ag nord
26–,0.464%,db regio ag nord
31–,0.332%,db regio ag nord
46–,0.0663%,db regio ag nord
61–,0.0663%,db regio ag nord
76–,0.0663%,db regio ag nord
91–,,db regio ag nord
cancelled,3.71%,db regio ag nord
substituted,0.0780%,db regio ag nordost
-5–,,db regio ag nordost
-4–,,db regio ag nordost
-3–,,db regio ag nordost
-2–,,db regio ag nordost
-1–,,db regio ag nordost
0–,47.4%,db regio ag nordost
1–,21.1%,db regio ag nordost
2–,8.26%,db regio ag nordost
3–,5.35%,db regio ag nordost
4–,3.07%,db regio ag nordost
5–,2.30%,db regio ag nordost
6–,1.54%,db regio ag nordost
7–,1.31%,db regio ag nordost
8–,0.942%,db regio ag nordost
9–,0.864%,db regio ag nordost
10–,0.762%,db regio ag nordost
11–,2.26%,db regio ag nordost
16–,1.20%,db regio ag nordost
21–,0.594%,db regio ag nordost
26–,0.336%,db regio ag nordost
31–,0.444%,db regio ag nordost
46–,0.228%,db regio ag nordost
61–,0.0480%,db regio ag nordost
76–,0.0540%,db regio ag nordost
91–,0.0180%,db regio ag nordost
cancelled,1.84%,db regio ag nordost
substituted,0.130%,db regio ag nrw
-5–,,db regio ag nrw
-4–,,db regio ag nrw
-3–,,db regio ag nrw
-2–,,db regio ag nrw
-1–,,db regio ag nrw
0–,27.9%,db regio ag nrw
1–,34.8%,db regio ag nrw
2–,11.6%,db regio ag nrw
3–,5.83%,db regio ag nrw
4–,3.62%,db regio ag nrw
5–,2.72%,db regio ag nrw
6–,1.83%,db regio ag nrw
7–,1.38%,db regio ag nrw
8–,1.05%,db regio ag nrw
9–,0.896%,db regio ag nrw
10–,0.880%,db regio ag nrw
11–,2.39%,db regio ag nrw
16–,1.06%,db regio ag nrw
21–,0.454%,db regio ag nrw
26–,0.238%,db regio ag nrw
31–,0.265%,db regio ag nrw
46–,0.0851%,db regio ag nrw
61–,0.0149%,db regio ag nrw
76–,0.00789%,db regio ag nrw
91–,0.0123%,db regio ag nrw
cancelled,2.82%,db regio ag nrw
substituted,0.0600%,db regio ag südost
-5–,,db regio ag südost
-4–,,db regio ag südost
-3–,,db regio ag südost
-2–,,db regio ag südost
-1–,,db regio ag südost
0–,60.5%,db regio ag südost
1–,22.8%,db regio ag südost
2–,6.14%,db regio ag südost
3–,2.28%,db regio ag südost
4–,1.46%,db regio ag südost
5–,0.959%,db regio ag südost
6–,0.819%,db regio ag südost
7–,0.580%,db regio ag südost
8–,0.520%,db regio ag südost
9–,0.380%,db regio ag südost
10–,0.280%,db regio ag südost
11–,0.639%,db regio ag südost
16–,0.140%,db regio ag südost
21–,0.300%,db regio ag südost
26–,0.180%,db regio ag südost
31–,0.140%,db regio ag südost
46–,0.0200%,db regio ag südost
61–,0.0200%,db regio ag südost
76–,0.0200%,db regio ag südost
91–,,db regio ag südost
cancelled,1.74%,db regio ag südost
substituted,,db regionetz verkehrs gmbh kurhessenbahn
-5–,,db regionetz verkehrs gmbh kurhessenbahn
-4–,,db regionetz verkehrs gmbh kurhessenbahn
-3–,,db regionetz verkehrs gmbh kurhessenbahn
-2–,,db regionetz verkehrs gmbh kurhessenbahn
-1–,,db regionetz verkehrs gmbh kurhessenbahn
0–,53.2%,db regionetz verkehrs gmbh kurhessenbahn
1–,29.1%,db regionetz verkehrs gmbh kurhessenbahn
2–,8.23%,db regionetz verkehrs gmbh kurhessenbahn
3–,3.16%,db regionetz verkehrs gmbh kurhessenbahn
4–,3.16%,db regionetz verkehrs gmbh kurhessenbahn
5–,0.633%,db regionetz verkehrs gmbh kurhessenbahn
6–,0.633%,db regionetz verkehrs gmbh kurhessenbahn
7–,,db regionetz verkehrs gmbh kurhessenbahn
8–,,db regionetz verkehrs gmbh kurhessenbahn
9–,,db regionetz verkehrs gmbh kurhessenbahn
10–,,db regionetz verkehrs gmbh kurhessenbahn
11–,,db regionetz verkehrs gmbh kurhessenbahn
16–,,db regionetz verkehrs gmbh kurhessenbahn
21–,,db regionetz verkehrs gmbh kurhessenbahn
26–,,db regionetz verkehrs gmbh kurhessenbahn
31–,,db regionetz verkehrs gmbh kurhessenbahn
46–,0.633%,db regionetz verkehrs gmbh kurhessenbahn
61–,,db regionetz verkehrs gmbh kurhessenbahn
76–,,db regionetz verkehrs gmbh kurhessenbahn
91–,,db regionetz verkehrs gmbh kurhessenbahn
cancelled,1.27%,db regionetz verkehrs gmbh kurhessenbahn
substituted,0.177%,db regionetz verkehrs gmbh südostbayernbahn
-5–,,db regionetz verkehrs gmbh südostbayernbahn
-4–,,db regionetz verkehrs gmbh südostbayernbahn
-3–,,db regionetz verkehrs gmbh südostbayernbahn
-2–,,db regionetz verkehrs gmbh südostbayernbahn
-1–,,db regionetz verkehrs gmbh südostbayernbahn
0–,50.2%,db regionetz verkehrs gmbh südostbayernbahn
1–,21.8%,db regionetz verkehrs gmbh südostbayernbahn
2–,8.16%,db regionetz verkehrs gmbh südostbayernbahn
3–,4.43%,db regionetz verkehrs gmbh südostbayernbahn
4–,2.66%,db regionetz verkehrs gmbh südostbayernbahn
5–,3.90%,db regionetz verkehrs gmbh südostbayernbahn
6–,0.709%,db regionetz verkehrs gmbh südostbayernbahn
7–,1.42%,db regionetz verkehrs gmbh südostbayernbahn
8–,1.06%,db regionetz verkehrs gmbh südostbayernbahn
9–,0.709%,db regionetz verkehrs gmbh südostbayernbahn
10–,1.42%,db regionetz verkehrs gmbh südostbayernbahn
11–,1.06%,db regionetz verkehrs gmbh südostbayernbahn
16–,0.177%,db regionetz verkehrs gmbh südostbayernbahn
21–,,db regionetz verkehrs gmbh südostbayernbahn
26–,,db regionetz verkehrs gmbh südostbayernbahn
31–,,db regionetz verkehrs gmbh südostbayernbahn
46–,,db regionetz verkehrs gmbh südostbayernbahn
61–,,db regionetz verkehrs gmbh südostbayernbahn
76–,,db regionetz verkehrs gmbh südostbayernbahn
91–,,db regionetz verkehrs gmbh südostbayernbahn
cancelled,2.13%,db regionetz verkehrs gmbh südostbayernbahn
substituted,,db regionetz verkehrs gmbh westfrankenbahn
-5–,,db regionetz verkehrs gmbh westfrankenbahn
-4–,,db regionetz verkehrs gmbh westfrankenbahn
-3–,,db regionetz verkehrs gmbh westfrankenbahn
-2–,,db regionetz verkehrs gmbh westfrankenbahn
-1–,,db regionetz verkehrs gmbh westfrankenbahn
0–,66.7%,db regionetz verkehrs gmbh westfrankenbahn
1–,15.9%,db regionetz verkehrs gmbh westfrankenbahn
2–,9.42%,db regionetz verkehrs gmbh westfrankenbahn
3–,3.62%,db regionetz verkehrs gmbh westfrankenbahn
4–,1.45%,db regionetz verkehrs gmbh westfrankenbahn
5–,1.45%,db regionetz verkehrs gmbh westfrankenbahn
6–,0.725%,db regionetz verkehrs gmbh westfrankenbahn
7–,,db regionetz verkehrs gmbh westfrankenbahn
8–,,db regionetz verkehrs gmbh westfrankenbahn
9–,,db regionetz verkehrs gmbh westfrankenbahn
10–,,db regionetz verkehrs gmbh westfrankenbahn
11–,,db regionetz verkehrs gmbh westfrankenbahn
16–,,db regionetz verkehrs gmbh westfrankenbahn
21–,,db regionetz verkehrs gmbh westfrankenbahn
26–,,db regionetz verkehrs gmbh westfrankenbahn
31–,,db regionetz verkehrs gmbh westfrankenbahn
46–,,db regionetz verkehrs gmbh westfrankenbahn
61–,,db regionetz verkehrs gmbh westfrankenbahn
76–,,db regionetz verkehrs gmbh westfrankenbahn
91–,,db regionetz verkehrs gmbh westfrankenbahn
cancelled,0.725%,db regionetz verkehrs gmbh westfrankenbahn
substituted,,enno
-5–,,enno
-4–,,enno
-3–,,enno
-2–,,enno
-1–,,enno
0–,69.1%,enno
1–,11.5%,enno
2–,5.99%,enno
3–,0.922%,enno
4–,3.23%,enno
5–,0.461%,enno
6–,1.84%,enno
7–,1.38%,enno
8–,,enno
9–,,enno
10–,,enno
11–,1.84%,enno
16–,1.38%,enno
21–,,enno
26–,0.461%,enno
31–,,enno
46–,,enno
61–,,enno
76–,,enno
91–,,enno
cancelled,1.84%,enno
substituted,,erfurter bahn
-5–,,erfurter bahn
-4–,,erfurter bahn
-3–,,erfurter bahn
-2–,,erfurter bahn
-1–,,erfurter bahn
0–,79.5%,erfurter bahn
1–,7.88%,erfurter bahn
2–,2.90%,erfurter bahn
3–,2.07%,erfurter bahn
4–,2.28%,erfurter bahn
5–,2.28%,erfurter bahn
6–,1.04%,erfurter bahn
7–,0.207%,erfurter bahn
8–,,erfurter bahn
9–,,erfurter bahn
10–,0.207%,erfurter bahn
11–,1.24%,erfurter bahn
16–,0.207%,erfurter bahn
21–,,erfurter bahn
26–,,erfurter bahn
31–,,erfurter bahn
46–,,erfurter bahn
61–,,erfurter bahn
76–,,erfurter bahn
91–,,erfurter bahn
cancelled,0.207%,erfurter bahn
substituted,,erixx
-5–,,erixx
-4–,,erixx
-3–,,erixx
-2–,,erixx
-1–,,erixx
0–,72.1%,erixx
1–,7.67%,erixx
2–,2.19%,erixx
3–,1.10%,erixx
4–,1.64%,erixx
5–,1.10%,erixx
6–,,erixx
7–,0.822%,erixx
8–,0.822%,erixx
9–,,erixx
10–,0.548%,erixx
11–,1.64%,erixx
16–,1.37%,erixx
21–,1.10%,erixx
26–,,erixx
31–,,erixx
46–,,erixx
61–,,erixx
76–,,erixx
91–,,erixx
cancelled,7.95%,erixx
substituted,0.0570%,eurobahn
-5–,,eurobahn
-4–,,eurobahn
-3–,,eurobahn
-2–,,eurobahn
-1–,,eurobahn
0–,56.4%,eurobahn
1–,11.6%,eurobahn
2–,7.87%,eurobahn
3–,5.02%,eurobahn
4–,3.02%,eurobahn
5–,2.68%,eurobahn
6–,0.970%,eurobahn
7–,1.54%,eurobahn
8–,1.14%,eurobahn
9–,0.685%,eurobahn
10–,0.970%,eurobahn
11–,2.68%,eurobahn
16–,0.456%,eurobahn
21–,0.0570%,eurobahn
26–,0.285%,eurobahn
31–,0.171%,eurobahn
46–,0.114%,eurobahn
61–,,eurobahn
76–,0.0570%,eurobahn
91–,,eurobahn
cancelled,4.28%,eurobahn
substituted,,flixtrain1
-5–,,flixtrain1
-4–,,flixtrain1
-3–,,flixtrain1
-2–,,flixtrain1
-1–,,flixtrain1
0–,24.5%,flixtrain1
1–,16.9%,flixtrain1
2–,8.89%,flixtrain1
3–,6.53%,flixtrain1
4–,1.81%,flixtrain1
5–,2.18%,flixtrain1
6–,1.81%,flixtrain1
7–,2.00%,flixtrain1
8–,2.00%,flixtrain1
9–,0.544%,flixtrain1
10–,1.45%,flixtrain1
11–,3.45%,flixtrain1
16–,2.72%,flixtrain1
21–,2.90%,flixtrain1
26–,3.27%,flixtrain1
31–,6.53%,flixtrain1
46–,1.81%,flixtrain1
61–,1.45%,flixtrain1
76–,1.27%,flixtrain1
91–,4.90%,flixtrain1
cancelled,3.09%,flixtrain1
substituted,,go-ahead baden-württemberg gmbh
-5–,,go-ahead baden-württemberg gmbh
-4–,,go-ahead baden-württemberg gmbh
-3–,,go-ahead baden-württemberg gmbh
-2–,,go-ahead baden-württemberg gmbh
-1–,,go-ahead baden-württemberg gmbh
0–,69.9%,go-ahead baden-württemberg gmbh
1–,7.23%,go-ahead baden-württemberg gmbh
2–,4.50%,go-ahead baden-württemberg gmbh
3–,3.98%,go-ahead baden-württemberg gmbh
4–,2.51%,go-ahead baden-württemberg gmbh
5–,1.83%,go-ahead baden-württemberg gmbh
6–,1.10%,go-ahead baden-württemberg gmbh
7–,0.838%,go-ahead baden-württemberg gmbh
8–,0.524%,go-ahead baden-württemberg gmbh
9–,0.785%,go-ahead baden-württemberg gmbh
10–,0.890%,go-ahead baden-württemberg gmbh
11–,1.62%,go-ahead baden-württemberg gmbh
16–,0.942%,go-ahead baden-württemberg gmbh
21–,0.262%,go-ahead baden-württemberg gmbh
26–,0.366%,go-ahead baden-württemberg gmbh
31–,0.681%,go-ahead baden-württemberg gmbh
46–,0.314%,go-ahead baden-württemberg gmbh
61–,,go-ahead baden-württemberg gmbh
76–,,go-ahead baden-württemberg gmbh
91–,,go-ahead baden-württemberg gmbh
cancelled,1.73%,go-ahead baden-württemberg gmbh
substituted,,go-ahead bayern gmbh
-5–,,go-ahead bayern gmbh
-4–,,go-ahead bayern gmbh
-3–,,go-ahead bayern gmbh
-2–,,go-ahead bayern gmbh
-1–,,go-ahead bayern gmbh
0–,66.8%,go-ahead bayern gmbh
1–,8.06%,go-ahead bayern gmbh
2–,5.37%,go-ahead bayern gmbh
3–,2.69%,go-ahead bayern gmbh
4–,1.58%,go-ahead bayern gmbh
5–,1.74%,go-ahead bayern gmbh
6–,0.948%,go-ahead bayern gmbh
7–,0.948%,go-ahead bayern gmbh
8–,1.74%,go-ahead bayern gmbh
9–,0.632%,go-ahead bayern gmbh
10–,0.790%,go-ahead bayern gmbh
11–,0.948%,go-ahead bayern gmbh
16–,1.11%,go-ahead bayern gmbh
21–,1.26%,go-ahead bayern gmbh
26–,0.316%,go-ahead bayern gmbh
31–,0.790%,go-ahead bayern gmbh
46–,0.158%,go-ahead bayern gmbh
61–,0.158%,go-ahead bayern gmbh
76–,,go-ahead bayern gmbh
91–,,go-ahead bayern gmbh
cancelled,3.95%,go-ahead bayern gmbh
substituted,,metronom eisenbahngesellschaft mbh
-5–,,metronom eisenbahngesellschaft mbh
-4–,,metronom eisenbahngesellschaft mbh
-3–,,metronom eisenbahngesellschaft mbh
-2–,,metronom eisenbahngesellschaft mbh
-1–,,metronom eisenbahngesellschaft mbh
0–,59.1%,metronom eisenbahngesellschaft mbh
1–,7.24%,metronom eisenbahngesellschaft mbh
2–,4.79%,metronom eisenbahngesellschaft mbh
3–,4.21%,metronom eisenbahngesellschaft mbh
4–,1.64%,metronom eisenbahngesellschaft mbh
5–,2.10%,metronom eisenbahngesellschaft mbh
6–,1.99%,metronom eisenbahngesellschaft mbh
7–,1.29%,metronom eisenbahngesellschaft mbh
8–,1.52%,metronom eisenbahngesellschaft mbh
9–,1.05%,metronom eisenbahngesellschaft mbh
10–,0.935%,metronom eisenbahngesellschaft mbh
11–,3.97%,metronom eisenbahngesellschaft mbh
16–,1.40%,metronom eisenbahngesellschaft mbh
21–,1.29%,metronom eisenbahngesellschaft mbh
26–,0.701%,metronom eisenbahngesellschaft mbh
31–,0.584%,metronom eisenbahngesellschaft mbh
46–,0.234%,metronom eisenbahngesellschaft mbh
61–,0.117%,metronom eisenbahngesellschaft mbh
76–,,metronom eisenbahngesellschaft mbh
91–,,metronom eisenbahngesellschaft mbh
cancelled,5.84%,metronom eisenbahngesellschaft mbh
substituted,,metronom
-5–,,metronom
-4–,,metronom
-3–,,metronom
-2–,,metronom
-1–,,metronom
0–,59.1%,metronom
1–,7.24%,metronom
2–,4.79%,metronom
3–,4.21%,metronom
4–,1.64%,metronom
5–,2.10%,metronom
6–,1.99%,metronom
7–,1.29%,metronom
8–,1.52%,metronom
9–,1.05%,metronom
10–,0.935%,metronom
11–,3.97%,metronom
16–,1.40%,metronom
21–,1.29%,metronom
26–,0.701%,metronom
31–,0.584%,metronom
46–,0.234%,metronom
61–,0.117%,metronom
76–,,metronom
91–,,metronom
cancelled,5.84%,metronom
substituted,0.387%,mitteldeutsche regiobahn
-5–,,mitteldeutsche regiobahn
-4–,,mitteldeutsche regiobahn
-3–,,mitteldeutsche regiobahn
-2–,0.193%,mitteldeutsche regiobahn
-1–,,mitteldeutsche regiobahn
0–,80.7%,mitteldeutsche regiobahn
1–,6.38%,mitteldeutsche regiobahn
2–,2.90%,mitteldeutsche regiobahn
3–,1.93%,mitteldeutsche regiobahn
4–,1.16%,mitteldeutsche regiobahn
5–,1.16%,mitteldeutsche regiobahn
6–,0.193%,mitteldeutsche regiobahn
7–,0.967%,mitteldeutsche regiobahn
8–,0.193%,mitteldeutsche regiobahn
9–,0.193%,mitteldeutsche regiobahn
10–,0.193%,mitteldeutsche regiobahn
11–,0.774%,mitteldeutsche regiobahn
16–,0.387%,mitteldeutsche regiobahn
21–,0.193%,mitteldeutsche regiobahn
26–,,mitteldeutsche regiobahn
31–,,mitteldeutsche regiobahn
46–,,mitteldeutsche regiobahn
61–,,mitteldeutsche regiobahn
76–,,mitteldeutsche regiobahn
91–,,mitteldeutsche regiobahn
cancelled,2.13%,mitteldeutsche regiobahn
substituted,,mittelrheinbahn (trans regio)
-5–,,mittelrheinbahn (trans regio)
-4–,,mittelrheinbahn (trans regio)
-3–,,mittelrheinbahn (trans regio)
-2–,,mittelrheinbahn (trans regio)
-1–,,mittelrheinbahn (trans regio)
0–,50.3%,mittelrheinbahn (trans regio)
1–,5.32%,mittelrheinbahn (trans regio)
2–,5.46%,mittelrheinbahn (trans regio)
3–,3.22%,mittelrheinbahn (trans regio)
4–,3.50%,mittelrheinbahn (trans regio)
5–,2.66%,mittelrheinbahn (trans regio)
6–,2.10%,mittelrheinbahn (trans regio)
7–,2.24%,mittelrheinbahn (trans regio)
8–,1.68%,mittelrheinbahn (trans regio)
9–,1.54%,mittelrheinbahn (trans regio)
10–,1.26%,mittelrheinbahn (trans regio)
11–,6.44%,mittelrheinbahn (trans regio)
16–,4.48%,mittelrheinbahn (trans regio)
21–,1.12%,mittelrheinbahn (trans regio)
26–,2.24%,mittelrheinbahn (trans regio)
31–,2.10%,mittelrheinbahn (trans regio)
46–,0.700%,mittelrheinbahn (trans regio)
61–,0.140%,mittelrheinbahn (trans regio)
76–,,mittelrheinbahn (trans regio)
91–,,mittelrheinbahn (trans regio)
cancelled,3.50%,mittelrheinbahn (trans regio)
substituted,0.0133%,nahreisezug
-5–,,nahreisezug
-4–,,nahreisezug
-3–,,nahreisezug
-2–,,nahreisezug
-1–,,nahreisezug
0–,78.2%,nahreisezug
1–,10.5%,nahreisezug
2–,3.13%,nahreisezug
3–,3.00%,nahreisezug
4–,1.39%,nahreisezug
5–,0.590%,nahreisezug
6–,0.461%,nahreisezug
7–,0.296%,nahreisezug
8–,0.178%,nahreisezug
9–,0.152%,nahreisezug
10–,0.116%,nahreisezug
11–,0.320%,nahreisezug
16–,0.160%,nahreisezug
21–,0.0980%,nahreisezug
26–,0.0800%,nahreisezug
31–,0.135%,nahreisezug
46–,0.0491%,nahreisezug
61–,0.0116%,nahreisezug
76–,0.00869%,nahreisezug
91–,0.0237%,nahreisezug
cancelled,1.06%,nahreisezug
substituted,,national expre
-5–,,national expre
-4–,,national expre
-3–,,national expre
-2–,,national expre
-1–,,national expre
0–,40.5%,national expre
1–,9.85%,national expre
2–,6.37%,national expre
3–,5.24%,national expre
4–,4.45%,national expre
5–,3.33%,national expre
6–,2.77%,national expre
7–,2.69%,national expre
8–,2.04%,national expre
9–,1.90%,national expre
10–,1.69%,national expre
11–,5.30%,national expre
16–,3.37%,national expre
21–,2.25%,national expre
26–,1.56%,national expre
31–,1.92%,national expre
46–,0.804%,national expre
61–,0.492%,national expre
76–,0.148%,national expre
91–,0.246%,national expre
cancelled,3.12%,national expre
substituted,,neb niederbarnimer eisenbahn
-5–,,neb niederbarnimer eisenbahn
-4–,,neb niederbarnimer eisenbahn
-3–,,neb niederbarnimer eisenbahn
-2–,,neb niederbarnimer eisenbahn
-1–,,neb niederbarnimer eisenbahn
0–,51.8%,neb niederbarnimer eisenbahn
1–,27.2%,neb niederbarnimer eisenbahn
2–,3.51%,neb niederbarnimer eisenbahn
3–,1.75%,neb niederbarnimer eisenbahn
4–,2.63%,neb niederbarnimer eisenbahn
5–,1.75%,neb niederbarnimer eisenbahn
6–,0.877%,neb niederbarnimer eisenbahn
7–,0.439%,neb niederbarnimer eisenbahn
8–,0.439%,neb niederbarnimer eisenbahn
9–,0.877%,neb niederbarnimer eisenbahn
10–,,neb niederbarnimer eisenbahn
11–,0.439%,neb niederbarnimer eisenbahn
16–,0.877%,neb niederbarnimer eisenbahn
21–,0.877%,neb niederbarnimer eisenbahn
26–,,neb niederbarnimer eisenbahn
31–,,neb niederbarnimer eisenbahn
46–,,neb niederbarnimer eisenbahn
61–,,neb niederbarnimer eisenbahn
76–,,neb niederbarnimer eisenbahn
91–,,neb niederbarnimer eisenbahn
cancelled,6.58%,neb niederbarnimer eisenbahn
substituted,,nordbahn eisenbahngesellschaft
-5–,,nordbahn eisenbahngesellschaft
-4–,,nordbahn eisenbahngesellschaft
-3–,,nordbahn eisenbahngesellschaft
-2–,,nordbahn eisenbahngesellschaft
-1–,,nordbahn eisenbahngesellschaft
0–,59.9%,nordbahn eisenbahngesellschaft
1–,13.2%,nordbahn eisenbahngesellschaft
2–,9.88%,nordbahn eisenbahngesellschaft
3–,4.13%,nordbahn eisenbahngesellschaft
4–,2.65%,nordbahn eisenbahngesellschaft
5–,1.98%,nordbahn eisenbahngesellschaft
6–,1.41%,nordbahn eisenbahngesellschaft
7–,0.882%,nordbahn eisenbahngesellschaft
8–,1.06%,nordbahn eisenbahngesellschaft
9–,0.670%,nordbahn eisenbahngesellschaft
10–,0.600%,nordbahn eisenbahngesellschaft
11–,0.705%,nordbahn eisenbahngesellschaft
16–,0.423%,nordbahn eisenbahngesellschaft
21–,0.388%,nordbahn eisenbahngesellschaft
26–,0.282%,nordbahn eisenbahngesellschaft
31–,0.176%,nordbahn eisenbahngesellschaft
46–,0.141%,nordbahn eisenbahngesellschaft
61–,0.0705%,nordbahn eisenbahngesellschaft
76–,,nordbahn eisenbahngesellschaft
91–,,nordbahn eisenbahngesellschaft
cancelled,1.52%,nordbahn eisenbahngesellschaft
substituted,,nordwestbahn
-5–,,nordwestbahn
-4–,,nordwestbahn
-3–,,nordwestbahn
-2–,,nordwestbahn
-1–,,nordwestbahn
0–,79.2%,nordwestbahn
1–,5.44%,nordwestbahn
2–,3.32%,nordwestbahn
3–,2.01%,nordwestbahn
4–,1.51%,nordwestbahn
5–,2.01%,nordwestbahn
6–,0.806%,nordwestbahn
7–,0.403%,nordwestbahn
8–,0.403%,nordwestbahn
9–,0.403%,nordwestbahn
10–,0.604%,nordwestbahn
11–,0.705%,nordwestbahn
16–,0.604%,nordwestbahn
21–,0.101%,nordwestbahn
26–,,nordwestbahn
31–,0.302%,nordwestbahn
46–,,nordwestbahn
61–,,nordwestbahn
76–,,nordwestbahn
91–,,nordwestbahn
cancelled,2.22%,nordwestbahn
substituted,,oberpfalzbahn - die länderbahn gmbh dlb
-5–,,oberpfalzbahn - die länderbahn gmbh dlb
-4–,,oberpfalzbahn - die länderbahn gmbh dlb
-3–,,oberpfalzbahn - die länderbahn gmbh dlb
-2–,,oberpfalzbahn - die länderbahn gmbh dlb
-1–,,oberpfalzbahn - die länderbahn gmbh dlb
0–,53.9%,oberpfalzbahn - die länderbahn gmbh dlb
1–,23.4%,oberpfalzbahn - die länderbahn gmbh dlb
2–,8.59%,oberpfalzbahn - die länderbahn gmbh dlb
3–,3.91%,oberpfalzbahn - die länderbahn gmbh dlb
4–,1.56%,oberpfalzbahn - die länderbahn gmbh dlb
5–,1.56%,oberpfalzbahn - die länderbahn gmbh dlb
6–,1.56%,oberpfalzbahn - die länderbahn gmbh dlb
7–,,oberpfalzbahn - die länderbahn gmbh dlb
8–,,oberpfalzbahn - die länderbahn gmbh dlb
9–,,oberpfalzbahn - die länderbahn gmbh dlb
10–,,oberpfalzbahn - die länderbahn gmbh dlb
11–,2.34%,oberpfalzbahn - die länderbahn gmbh dlb
16–,0.781%,oberpfalzbahn - die länderbahn gmbh dlb
21–,,oberpfalzbahn - die länderbahn gmbh dlb
26–,,oberpfalzbahn - die länderbahn gmbh dlb
31–,,oberpfalzbahn - die länderbahn gmbh dlb
46–,,oberpfalzbahn - die länderbahn gmbh dlb
61–,,oberpfalzbahn - die länderbahn gmbh dlb
76–,,oberpfalzbahn - die länderbahn gmbh dlb
91–,,oberpfalzbahn - die länderbahn gmbh dlb
cancelled,2.34%,oberpfalzbahn - die länderbahn gmbh dlb
substituted,,ostdeutsche eisenbahn gmbh
-5–,,ostdeutsche eisenbahn gmbh
-4–,,ostdeutsche eisenbahn gmbh
-3–,,ostdeutsche eisenbahn gmbh
-2–,,ostdeutsche eisenbahn gmbh
-1–,,ostdeutsche eisenbahn gmbh
0–,55.8%,ostdeutsche eisenbahn gmbh
1–,11.0%,ostdeutsche eisenbahn gmbh
2–,5.71%,ostdeutsche eisenbahn gmbh
3–,4.60%,ostdeutsche eisenbahn gmbh
4–,3.37%,ostdeutsche eisenbahn gmbh
5–,3.32%,ostdeutsche eisenbahn gmbh
6–,2.07%,ostdeutsche eisenbahn gmbh
7–,1.60%,ostdeutsche eisenbahn gmbh
8–,1.37%,ostdeutsche eisenbahn gmbh
9–,1.09%,ostdeutsche eisenbahn gmbh
10–,1.14%,ostdeutsche eisenbahn gmbh
11–,2.45%,ostdeutsche eisenbahn gmbh
16–,0.976%,ostdeutsche eisenbahn gmbh
21–,0.893%,ostdeutsche eisenbahn gmbh
26–,0.844%,ostdeutsche eisenbahn gmbh
31–,0.595%,ostdeutsche eisenbahn gmbh
46–,0.265%,ostdeutsche eisenbahn gmbh
61–,0.149%,ostdeutsche eisenbahn gmbh
76–,0.0165%,ostdeutsche eisenbahn gmbh
91–,0.0331%,ostdeutsche eisenbahn gmbh
cancelled,2.65%,ostdeutsche eisenbahn gmbh
substituted,,regiobahn
-5–,,regiobahn
-4–,,regiobahn
-3–,,regiobahn
-2–,,regiobahn
-1–,,regiobahn
0–,26.3%,regiobahn
1–,19.3%,regiobahn
2–,10.8%,regiobahn
3–,7.36%,regiobahn
4–,5.69%,regiobahn
5–,4.08%,regiobahn
6–,3.14%,regiobahn
7–,2.09%,regiobahn
8–,1.66%,regiobahn
9–,1.35%,regiobahn
10–,1.08%,regiobahn
11–,4.22%,regiobahn
16–,1.52%,regiobahn
21–,0.784%,regiobahn
26–,0.261%,regiobahn
31–,0.319%,regiobahn
46–,0.0574%,regiobahn
61–,0.0446%,regiobahn
76–,0.0128%,regiobahn
91–,0.0128%,regiobahn
cancelled,9.93%,regiobahn
substituted,,rurtalbahn
-5–,,rurtalbahn
-4–,,rurtalbahn
-3–,,rurtalbahn
-2–,,rurtalbahn
-1–,,rurtalbahn
0–,58.2%,rurtalbahn
1–,13.1%,rurtalbahn
2–,13.9%,rurtalbahn
3–,3.28%,rurtalbahn
4–,2.46%,rurtalbahn
5–,0.820%,rurtalbahn
6–,1.64%,rurtalbahn
7–,0.820%,rurtalbahn
8–,2.46%,rurtalbahn
9–,,rurtalbahn
10–,,rurtalbahn
11–,,rurtalbahn
16–,,rurtalbahn
21–,,rurtalbahn
26–,,rurtalbahn
31–,3.28%,rurtalbahn
46–,,rurtalbahn
61–,,rurtalbahn
76–,,rurtalbahn
91–,,rurtalbahn
substituted,0.0784%,sbb
-5–,,sbb
-4–,,sbb
-3–,,sbb
-2–,,sbb
-1–,,sbb
0–,49.7%,sbb
1–,30.6%,sbb
2–,6.08%,sbb
3–,2.35%,sbb
4–,1.88%,sbb
5–,0.706%,sbb
6–,0.588%,sbb
7–,0.392%,sbb
8–,0.470%,sbb
9–,0.392%,sbb
10–,0.549%,sbb
11–,1.53%,sbb
16–,0.823%,sbb
21–,0.627%,sbb
26–,0.549%,sbb
31–,0.823%,sbb
46–,0.470%,sbb
61–,0.274%,sbb
76–,0.157%,sbb
91–,0.0392%,sbb
cancelled,0.941%,sbb
substituted,,sweg bahn stuttgart gmbh
-5–,,sweg bahn stuttgart gmbh
-4–,,sweg bahn stuttgart gmbh
-3–,,sweg bahn stuttgart gmbh
-2–,,sweg bahn stuttgart gmbh
-1–,,sweg bahn stuttgart gmbh
0–,52.9%,sweg bahn stuttgart gmbh
1–,11.8%,sweg bahn stuttgart gmbh
2–,8.53%,sweg bahn stuttgart gmbh
3–,5.15%,sweg bahn stuttgart gmbh
4–,3.62%,sweg bahn stuttgart gmbh
5–,2.96%,sweg bahn stuttgart gmbh
6–,1.33%,sweg bahn stuttgart gmbh
7–,0.810%,sweg bahn stuttgart gmbh
8–,0.858%,sweg bahn stuttgart gmbh
9–,1.05%,sweg bahn stuttgart gmbh
10–,0.810%,sweg bahn stuttgart gmbh
11–,1.72%,sweg bahn stuttgart gmbh
16–,0.906%,sweg bahn stuttgart gmbh
21–,0.572%,sweg bahn stuttgart gmbh
26–,0.334%,sweg bahn stuttgart gmbh
31–,0.477%,sweg bahn stuttgart gmbh
46–,0.334%,sweg bahn stuttgart gmbh
61–,0.0477%,sweg bahn stuttgart gmbh
76–,0.0477%,sweg bahn stuttgart gmbh
91–,,sweg bahn stuttgart gmbh
cancelled,5.82%,sweg bahn stuttgart gmbh
substituted,,süd-thüringen-bahn
-5–,,süd-thüringen-bahn
-4–,,süd-thüringen-bahn
-3–,,süd-thüringen-bahn
-2–,,süd-thüringen-bahn
-1–,,süd-thüringen-bahn
0–,87.5%,süd-thüringen-bahn
1–,7.57%,süd-thüringen-bahn
2–,1.32%,süd-thüringen-bahn
3–,2.30%,süd-thüringen-bahn
4–,0.658%,süd-thüringen-bahn
5–,,süd-thüringen-bahn
6–,,süd-thüringen-bahn
7–,,süd-thüringen-bahn
8–,,süd-thüringen-bahn
9–,,süd-thüringen-bahn
10–,,süd-thüringen-bahn
11–,0.329%,süd-thüringen-bahn
16–,,süd-thüringen-bahn
21–,,süd-thüringen-bahn
26–,,süd-thüringen-bahn
31–,0.329%,süd-thüringen-bahn
46–,,süd-thüringen-bahn
61–,,süd-thüringen-bahn
76–,,süd-thüringen-bahn
91–,,süd-thüringen-bahn
substituted,0.0833%,süwex
-5–,,süwex
-4–,,süwex
-3–,,süwex
-2–,,süwex
-1–,,süwex
0–,37.9%,süwex
1–,18.5%,süwex
2–,9.66%,süwex
3–,4.75%,süwex
4–,3.50%,süwex
5–,3.75%,süwex
6–,1.67%,süwex
7–,1.75%,süwex
8–,0.833%,süwex
9–,0.666%,süwex
10–,1.33%,süwex
11–,4.08%,süwex
16–,3.08%,süwex
21–,1.75%,süwex
26–,1.25%,süwex
31–,1.50%,süwex
46–,0.333%,süwex
61–,0.0833%,süwex
76–,0.0833%,süwex
91–,,süwex
cancelled,3.50%,süwex
substituted,,trilex - die länderbahn gmbh dlb
-5–,,trilex - die länderbahn gmbh dlb
-4–,,trilex - die länderbahn gmbh dlb
-3–,,trilex - die länderbahn gmbh dlb
-2–,,trilex - die länderbahn gmbh dlb
-1–,,trilex - die länderbahn gmbh dlb
0–,72.4%,trilex - die länderbahn gmbh dlb
1–,16.5%,trilex - die länderbahn gmbh dlb
2–,5.75%,trilex - die länderbahn gmbh dlb
3–,2.30%,trilex - die länderbahn gmbh dlb
4–,1.15%,trilex - die länderbahn gmbh dlb
5–,0.383%,trilex - die länderbahn gmbh dlb
6–,,trilex - die länderbahn gmbh dlb
7–,0.383%,trilex - die länderbahn gmbh dlb
8–,0.383%,trilex - die länderbahn gmbh dlb
9–,,trilex - die länderbahn gmbh dlb
10–,,trilex - die länderbahn gmbh dlb
11–,,trilex - die länderbahn gmbh dlb
16–,,trilex - die länderbahn gmbh dlb
21–,,trilex - die länderbahn gmbh dlb
26–,,trilex - die länderbahn gmbh dlb
31–,,trilex - die länderbahn gmbh dlb
46–,,trilex - die länderbahn gmbh dlb
61–,,trilex - die länderbahn gmbh dlb
76–,,trilex - die länderbahn gmbh dlb
91–,,trilex - die länderbahn gmbh dlb
cancelled,0.766%,trilex - die länderbahn gmbh dlb
substituted,0.0803%,vias rail gmbh
-5–,,vias rail gmbh
-4–,,vias rail gmbh
-3–,,vias rail gmbh
-2–,,vias rail gmbh
-1–,,vias rail gmbh
0–,33.1%,vias rail gmbh
1–,18.0%,vias rail gmbh
2–,9.64%,vias rail gmbh
3–,7.07%,vias rail gmbh
4–,5.14%,vias rail gmbh
5–,4.02%,vias rail gmbh
6–,2.73%,vias rail gmbh
7–,1.61%,vias rail gmbh
8–,1.93%,vias rail gmbh
9–,1.29%,vias rail gmbh
10–,1.37%,vias rail gmbh
11–,4.66%,vias rail gmbh
16–,2.49%,vias rail gmbh
21–,0.964%,vias rail gmbh
26–,0.964%,vias rail gmbh
31–,1.69%,vias rail gmbh
46–,,vias rail gmbh
61–,,vias rail gmbh
76–,,vias rail gmbh
91–,0.0803%,vias rail gmbh
cancelled,3.21%,vias rail gmbh
substituted,,vlexx
-5–,,vlexx
-4–,,vlexx
-3–,,vlexx
-2–,,vlexx
-1–,,vlexx
0–,55.0%,vlexx
1–,12.5%,vlexx
2–,7.29%,vlexx
3–,3.04%,vlexx
4–,1.90%,vlexx
5–,2.96%,vlexx
6–,1.90%,vlexx
7–,1.14%,vlexx
8–,1.52%,vlexx
9–,0.912%,vlexx
10–,0.988%,vlexx
11–,3.27%,vlexx
16–,1.06%,vlexx
21–,1.06%,vlexx
26–,0.380%,vlexx
31–,0.684%,vlexx
46–,0.304%,vlexx
61–,,vlexx
76–,,vlexx
91–,,vlexx
cancelled,4.03%,vlexx
substituted,,vogtlandbahn - die länderbahn gmbh dlb
-5–,,vogtlandbahn - die länderbahn gmbh dlb
-4–,,vogtlandbahn - die länderbahn gmbh dlb
-3–,,vogtlandbahn - die länderbahn gmbh dlb
-2–,,vogtlandbahn - die länderbahn gmbh dlb
-1–,,vogtlandbahn - die länderbahn gmbh dlb
0–,68.0%,vogtlandbahn - die länderbahn gmbh dlb
1–,13.6%,vogtlandbahn - die länderbahn gmbh dlb
2–,10.2%,vogtlandbahn - die länderbahn gmbh dlb
3–,3.88%,vogtlandbahn - die länderbahn gmbh dlb
4–,2.43%,vogtlandbahn - die länderbahn gmbh dlb
5–,0.485%,vogtlandbahn - die länderbahn gmbh dlb
6–,0.485%,vogtlandbahn - die länderbahn gmbh dlb
7–,0.485%,vogtlandbahn - die länderbahn gmbh dlb
8–,,vogtlandbahn - die länderbahn gmbh dlb
9–,,vogtlandbahn - die länderbahn gmbh dlb
10–,,vogtlandbahn - die länderbahn gmbh dlb
11–,0.485%,vogtlandbahn - die länderbahn gmbh dlb
16–,,vogtlandbahn - die länderbahn gmbh dlb
21–,,vogtlandbahn - die länderbahn gmbh dlb
26–,,vogtlandbahn - die länderbahn gmbh dlb
31–,,vogtlandbahn - die länderbahn gmbh dlb
46–,,vogtlandbahn - die länderbahn gmbh dlb
61–,,vogtlandbahn - die länderbahn gmbh dlb
76–,,vogtlandbahn - die länderbahn gmbh dlb
91–,,vogtlandbahn - die länderbahn gmbh dlb
substituted,0.0320%,westfalenbahn
-5–,,westfalenbahn
-4–,,westfalenbahn
-3–,,westfalenbahn
-2–,,westfalenbahn
-1–,,westfalenbahn
0–,77.3%,westfalenbahn
1–,7.39%,westfalenbahn
2–,3.90%,westfalenbahn
3–,2.17%,westfalenbahn
4–,1.60%,westfalenbahn
5–,1.44%,westfalenbahn
6–,0.704%,westfalenbahn
7–,0.768%,westfalenbahn
8–,0.480%,westfalenbahn
9–,0.416%,westfalenbahn
10–,0.544%,westfalenbahn
11–,1.02%,westfalenbahn
16–,0.640%,westfalenbahn
21–,0.352%,westfalenbahn
26–,0.288%,westfalenbahn
31–,0.480%,westfalenbahn
46–,0.128%,westfalenbahn
61–,0.0320%,westfalenbahn
76–,,westfalenbahn
91–,0.0959%,westfalenbahn
cancelled,0.192%,westfalenbahn
substituted,0.0123%,österreichische bundesbahnen
-5–,,österreichische bundesbahnen
-4–,,österreichische bundesbahnen
-3–,,österreichische bundesbahnen
-2–,,österreichische bundesbahnen
-1–,,österreichische bundesbahnen
0–,59.9%,österreichische bundesbahnen
1–,15.6%,österreichische bundesbahnen
2–,5.06%,österreichische bundesbahnen
3–,3.04%,österreichische bundesbahnen
4–,2.34%,österreichische bundesbahnen
5–,1.67%,österreichische bundesbahnen
6–,0.935%,österreichische bundesbahnen
7–,1.05%,österreichische bundesbahnen
8–,0.677%,österreichische bundesbahnen
9–,0.750%,österreichische bundesbahnen
10–,0.566%,österreichische bundesbahnen
11–,2.13%,österreichische bundesbahnen
16–,1.27%,österreichische bundesbahnen
21–,1.08%,österreichische bundesbahnen
26–,0.591%,österreichische bundesbahnen
31–,1.29%,österreichische bundesbahnen
46–,0.578%,österreichische bundesbahnen
61–,0.468%,österreichische bundesbahnen
76–,0.221%,österreichische bundesbahnen
91–,0.566%,österreichische bundesbahnen
cancelled,0.271%,österreichische bundesbahnen
