OBJECTID,Join_Count,TARGET_FID,BUSHALTEST,LINK_STW,DATUM,HST_ID,GKZ,Ort,Haltestelle,RegStopNo,GID,Typ,Y,X,ID_EFA,x2,y2
1,1,1,"Sonnenbühlstraße/Rauhgasse, stadtauswärts",http://pages.i-d-e-a-s.eu/infowindows/busstop/konstanz/6913.htm,6/17/2011 12:00:00 AM,6913,8335043,Konstanz,Konstanz Sonnenbühlst/Rauhgasse,35262,11912,|- Steig,47.68008835,9.18599243,8711912,513968.8707,5280762.3095
2,1,2,Jacob-Burkhardt/Straße Danziger Str. stadtauswärts,http://pages.i-d-e-a-s.eu/infowindows/busstop/konstanz/6905.htm,6/17/2011 12:00:00 AM,6905,8335043,Konstanz,Konstanz Jacob-Burckhardt-Str.,35224,11862,|- Steig,47.68209628,9.18372868,8711862,513760.3509,5280974.9582
3,1,3,"Danziger Straße, stadtauswärts",http://pages.i-d-e-a-s.eu/infowindows/busstop/konstanz/6907.htm,6/17/2011 12:00:00 AM,6907,8335043,Konstanz,Konstanz Danziger Straße,35194,11827,|- Steig,47.68163664,9.18095288,8711827,513585.2173,5280939.6338
4,1,4,"Salzberg (Allmannsdorfer Str), Richtung Innenstadt",http://pages.i-d-e-a-s.eu/infowindows/busstop/konstanz/6916.htm,6/17/2011 12:00:00 AM,6916,8335043,Konstanz,Konstanz Salzberg/Allmannsdorfer Str.,35252,11899,|- Steig,47.67374353,9.1927298,8711899,514433.6559,5280067.0429
5,1,5,"Konzilstraße, Richtung Bahnhof",http://pages.i-d-e-a-s.eu/infowindows/busstop/konstanz/6588.htm,6/17/2011 12:00:00 AM,6588,8335043,Konstanz,Konstanz Konzilstraße,35229,11868,|- Steig,47.66332037,9.17761115,8711868,513325.6607,5278904.0233
6,1,6,"Bodanplatz, Richtung Laube",http://pages.i-d-e-a-s.eu/infowindows/busstop/konstanz/6579.htm,6/17/2011 12:00:00 AM,6579,8335043,Konstanz,Konstanz Bodanplatz,35182,11812,|- Steig,47.65820785,9.1735328,8711812,513038.9467,5278329.8509
7,1,7,"Döbele, Richtung Paradies, stadtauswärts",http://pages.i-d-e-a-s.eu/infowindows/busstop/konstanz/6711.htm,6/17/2011 12:00:00 AM,6711,8335043,Konstanz,Konstanz Döbele,35263,11913,|- Steig,47.65863744,9.16894241,8711913,512692.9703,5278375.8915
8,1,8,"Schulthaißstraße, stadtauswärts",http://pages.i-d-e-a-s.eu/infowindows/busstop/konstanz/6782.htm,6/17/2011 12:00:00 AM,6782,8335043,Konstanz,Konstanz Schulthaißstraße,35258,11905,|- Steig,47.66146298,9.16645407,8711905,512499.4086,5278680.9452
9,1,9,"Brüelstraße, stadtauswärts",http://pages.i-d-e-a-s.eu/infowindows/busstop/konstanz/6785.htm,6/17/2011 12:00:00 AM,6785,8335043,Konstanz,Konstanz Brüelstraße,35189,11821,|- Steig,47.66425812,9.16557373,8711821,512437.399,5279001.4257
10,1,10,"Brüelstraße, Richtung Bahnhof",http://pages.i-d-e-a-s.eu/infowindows/busstop/konstanz/6784.htm,6/17/2011 12:00:00 AM,6784,8335043,Konstanz,Konstanz Brüelstraße,35189,11821,Haltestelle,47.66418552,9.16564559,8711821,512434.9503,5278990.0758
11,1,11,"Gottmannplatz,  stadtauswärts",http://pages.i-d-e-a-s.eu/infowindows/busstop/konstanz/6824.htm,6/17/2011 12:00:00 AM,6824,8335043,Konstanz,Konstanz Gottmannplatz,35216,11850,|- Steig,47.67351972,9.1693197,8711850,512718.5637,5280026.2139
12,1,12,"Taborweg, stadtauswärts",http://pages.i-d-e-a-s.eu/infowindows/busstop/konstanz/6890.htm,6/17/2011 12:00:00 AM,6890,8335043,Konstanz,Konstanz Taborweg,35271,11922,|- Steig,47.67951983,9.16825969,8711922,512637.8497,5280696.4816
13,1,13,"Pfeiferhölzle-Richtung Endstation, stadtauswärts",http://pages.i-d-e-a-s.eu/infowindows/busstop/konstanz/6909.htm,6/17/2011 12:00:00 AM,6909,8335043,Konstanz,Konstanz Pfeiferhölzle,35244,11889,Haltestelle,47.68272525,9.17592232,8711889,513201.1657,5281057.4741
14,1,14,"Gutenbergweg, stadtauswärts",http://pages.i-d-e-a-s.eu/infowindows/busstop/konstanz/6879.htm,6/17/2011 12:00:00 AM,6879,8335043,Konstanz,Konstanz Gutenbergweg,35218,11853,|- Steig,47.6864566,9.16120791,8711853,512094.3207,5281451.297
15,1,15,"Hardtstraße/Fürstenberg, stadtauswärts",http://pages.i-d-e-a-s.eu/infowindows/busstop/konstanz/6873.htm,6/17/2011 12:00:00 AM,6873,8335043,Konstanz,Konstanz Hardtstr./Fürstenberg,35220,11855,|- Steig,47.68594257,9.15293443,8711855,511484.2279,5281408.0912
16,1,16,"Reutestraße/Freibürgleweg, stadtauswärts",http://pages.i-d-e-a-s.eu/infowindows/busstop/konstanz/6852.htm,6/17/2011 12:00:00 AM,6852,8335043,Konstanz,Konstanz Reute-/ Freibürgleweg,35246,11893,Haltestelle,47.6825922,9.15246731,8711893,511450.8239,5281035.2287
17,1,17,"Reute-/Winkelstraße, stadtauswärts",http://pages.i-d-e-a-s.eu/infowindows/busstop/konstanz/6854.htm,6/17/2011 12:00:00 AM,6854,8335043,Konstanz,Konstanz Reute-/Winkelstraße,35247,11894,|- Steig,47.68137658,9.15536886,8711894,511666.5564,5280903.8138
18,1,18,"Bodan, Richtung Innenstadt",http://pages.i-d-e-a-s.eu/infowindows/busstop/konstanz/6866.htm,6/17/2011 12:00:00 AM,6866,8335043,Konstanz,Konstanz Bodan,35181,11811,Haltestelle,47.68785956,9.14871235,8711811,511161.1342,5281614.3574
19,1,19,"Bodan, stadtauswärts",http://pages.i-d-e-a-s.eu/infowindows/busstop/konstanz/6867.htm,6/17/2011 12:00:00 AM,6867,8335043,Konstanz,Konstanz Bodan,35181,11811,|- Steig,47.68776281,9.14882913,8711811,511176.2683,5281611.4693
20,1,20,Breslauer Straße (West) stadtauswärts,http://pages.i-d-e-a-s.eu/infowindows/busstop/konstanz/6870.htm,6/17/2011 12:00:00 AM,6870,8335043,Konstanz,Konstanz Breslauer Straße West,35188,11820,Haltestelle,47.68559182,9.14943998,8711820,511224.2022,5281368.0352
21,1,21,"Bodan-/ Riedstraße, stadtauswärts",http://pages.i-d-e-a-s.eu/infowindows/busstop/konstanz/6848.htm,6/17/2011 12:00:00 AM,6848,8335043,Konstanz,Konstanz Bodan/Riedstraße,35184,11814,|- Steig,47.68625099,9.14833506,8711814,511136.9225,5281435.6042
22,1,22,"Bodan-/ Riedstraße, Richtung Innenstadt",http://pages.i-d-e-a-s.eu/infowindows/busstop/konstanz/6849.htm,6/17/2011 12:00:00 AM,6849,8335043,Konstanz,Konstanz Bodan/Riedstraße,35184,11814,|- Steig,47.68636589,9.14838895,8711814,511130.5722,5281451.2463
23,1,23,"Urisberg, Richtung Innenstadt",http://pages.i-d-e-a-s.eu/infowindows/busstop/konstanz/6886.htm,6/17/2011 12:00:00 AM,6886,8335043,Konstanz,Konstanz Urisberg,35276,11927,|- Steig,47.69031466,9.15137136,8711927,511358.4904,5281887.967
24,1,24,"Universität, Richtung Innenstadt",http://pages.i-d-e-a-s.eu/infowindows/busstop/konstanz/6911.htm,6/17/2011 12:00:00 AM,6911,8335043,Konstanz,Konstanz Universität,35274,11925,Haltestelle,47.68989742,9.18768127,8711925,514098.8217,5281842.183
25,1,25,"Staad/Autofähre, Richtung Innenstadt",http://pages.i-d-e-a-s.eu/infowindows/busstop/konstanz/6569.htm,6/17/2011 12:00:00 AM,6569,8335043,Konstanz,Konstanz Staad/Autofähre,35175,11351,|- Steig,47.68198742,9.21119916,8711351,515846.0607,5280973.599
26,1,26,"Freibad Horn, Richtung Innenstadt",http://pages.i-d-e-a-s.eu/infowindows/busstop/konstanz/6735.htm,6/17/2011 12:00:00 AM,6735,8335043,Konstanz,Konstanz Freibad Horn,35209,11843,|- Steig,47.66687162,9.21466666,8711843,516119.0442,5279290.9238
27,1,27,"Litzelstetten-Tankstelle, stadtauswärts",http://pages.i-d-e-a-s.eu/infowindows/busstop/konstanz/6570.htm,6/17/2011 12:00:00 AM,6570,8335043,Litzelstetten,Litzelstetten Tankstelle,35234,11874,|- Steig,47.71183113,9.17314652,8711874,512989.7506,5284271.0514
28,1,28,"Wallhausen-Birnaublick, Richtung Dettingen",http://pages.i-d-e-a-s.eu/infowindows/busstop/konstanz/6552.htm,6/17/2011 12:00:00 AM,6552,8335043,Wallhausen/Konstanz,Wallhausen Birnaublick,35277,11928,Haltestelle,47.7471064,9.12922789,8711928,509686.678,5288206.5381
29,1,29,Wallhausen-Linzgaublick, ,3/13/2020 12:00:00 AM,6551,8335043,Wallhausen/Konstanz,Wallhausen Linzgaublick,35279,11930,Haltestelle,47.74606142,9.13283912,8711930,509956.3873,5288081.2049
30,1,30,"Salzberg (Allmannsdorfer Str), stadtauswärts",http://pages.i-d-e-a-s.eu/infowindows/busstop/konstanz/6917.htm,6/17/2011 12:00:00 AM,6917,8335043,Konstanz,Konstanz Salzberg/Allmannsdorfer Str.,35252,11899,|- Steig,47.67374353,9.1927298,8711899,514430.1762,5280056.6181
31,1,31,"Gottmannplatz, Richtung Innenstadt", ,3/12/2020 12:00:00 AM,6825,8335043,Konstanz,Konstanz Gottmannplatz,35216,11850,|- Steig,47.67281805,9.16982276,8711850,512746.7653,5279950.3433
32,1,32,"Karlsruher Straße, Richtung Innenstadt",http://pages.i-d-e-a-s.eu/infowindows/busstop/konstanz/6850.htm,6/17/2011 12:00:00 AM,6850,8335043,Konstanz,Konstanz Karlsruher Straße,35226,11864,Haltestelle,47.68439441,9.14909862,8711864,511181.9007,5281230.988
33,1,33,"An der Steig, Richtung Innenstadt",http://pages.i-d-e-a-s.eu/infowindows/busstop/konstanz/6724.htm,6/17/2011 12:00:00 AM,6724,8335043,Konstanz,Konstanz An der Steig,35267,11917,|- Steig,47.67990691,9.20146142,8711917,515121.4343,5280756.3486
34,1,34,"Dingelsdorf/Wallhauser Straße, nach Oberdorf",http://pages.i-d-e-a-s.eu/infowindows/busstop/konstanz/6577.htm,6/17/2011 12:00:00 AM,6577,8335043,Dingelsdorf,Dingelsdorf Wallhauser Straße,35201,11834,|- Steig,47.74049184,9.15211696,8711834,511407.3256,5287463.6232
35,1,35,"Wallhausen/Hafen, Richtung Dettingen",http://pages.i-d-e-a-s.eu/infowindows/busstop/konstanz/6549.htm,6/17/2011 12:00:00 AM,6549,8335043,Wallhausen/Konstanz,Wallhausen Hafen,35278,11929,Haltestelle,47.74657485,9.13571373,8711929,510164.0727,5288162.9429
36,1,36,"Sonnenbühlstraße/Rauhgasse, Richtung Innenstadt",http://pages.i-d-e-a-s.eu/infowindows/busstop/konstanz/6912.htm,6/17/2011 12:00:00 AM,6912,8335043,Konstanz,Konstanz Sonnenbühlst/Rauhgasse,35262,11912,|- Steig,47.6800944,9.18589362,8711912,513946.7904,5280761.1888
37,1,37,"Hardtstraße/Fürstenberg, Richtung Innenstadt",http://pages.i-d-e-a-s.eu/infowindows/busstop/konstanz/6872.htm,6/17/2011 12:00:00 AM,6872,8335043,Konstanz,Konstanz Hardtstr./Fürstenberg,35220,11855,|- Steig,47.68523502,9.15426394,8711855,511564.9538,5281333.3639
38,1,38,"Fürstenberg, Richtung Innenstadt",http://pages.i-d-e-a-s.eu/infowindows/busstop/konstanz/6887.htm,6/17/2011 12:00:00 AM,6887,8335043,Konstanz,Konstanz Fürstenberg,35213,11847,|- Steig,47.68062058,9.16248352,8711847,512182.3901,5280816.2605
39,1,39,"Stephansschule, stadtauswärts",http://pages.i-d-e-a-s.eu/infowindows/busstop/konstanz/6583.htm,6/17/2011 12:00:00 AM,6583,8335043,Konstanz,Konstanz Stefansschule,35266,11916,Haltestelle,47.66253386,9.17276025,8711916,512980.2955,5278798.7141
40,1,40,"Gabelsberger Straße, stadtauswärts",http://pages.i-d-e-a-s.eu/infowindows/busstop/konstanz/6883.htm,6/17/2011 12:00:00 AM,6883,8335043,Konstanz,Konstanz Gabelsbergerstraße,35214,11848,|- Steig,47.68840985,9.15681515,8711848,511778.4892,5281683.1651
41,1,41,"Dettingen/Ortsmitte, Richtung Wollmattingen",http://pages.i-d-e-a-s.eu/infowindows/busstop/konstanz/6716.htm,6/17/2011 12:00:00 AM,6716,8335043,Dettingen (Konstanz),Dettingen (KN) Ortsmitte,35197,11830,|- Steig,47.73629916,9.11667843,8711830,508740.3703,5287004.0378
42,1,42,"Gartenstraße, Richtung Bahnhof",http://pages.i-d-e-a-s.eu/infowindows/busstop/konstanz/6786.htm,6/17/2011 12:00:00 AM,6786,8335043,Konstanz,Konstanz Gartenstraße,35215,11849,|- Steig,47.66615171,9.16533118,8711849,512416.4672,5279215.598
43,1,43,"Konzilstraße, stadtauswärts",http://pages.i-d-e-a-s.eu/infowindows/busstop/konstanz/6584.htm,6/17/2011 12:00:00 AM,6584,8335043,Konstanz,Konstanz Konzilstraße,35229,11868,|- Steig,47.66220111,9.17761115,8711868,513338.9558,5278774.5347
44,1,44,"Stadtwerke, stadtauswärts",http://pages.i-d-e-a-s.eu/infowindows/busstop/konstanz/3826.htm,6/17/2011 12:00:00 AM,3826,8335043,Konstanz,Konstanz Stadtwerke,35270,11921,Haltestelle,47.67526781,9.16342675,8711921,512275.8256,5280226.1468
45,1,45,"Litzelstetten/Zum Purren, nach KN Innenstadt",http://pages.i-d-e-a-s.eu/infowindows/busstop/konstanz/6573.htm,6/17/2011 12:00:00 AM,6573,8335043,Litzelstetten,Litzelstetten Purren,35233,11873,|- Steig,47.71531863,9.17197871,8711873,512893.418,5284677.6402
46,1,46,"Jugendherberge, Richtung Innenstadt",http://pages.i-d-e-a-s.eu/infowindows/busstop/konstanz/6720.htm,6/17/2011 12:00:00 AM,6720,8335043,Konstanz,Konstanz Jugendherberge,35225,11863,Haltestelle,47.68493264,9.20009598,8711863,515013.3947,5281298.0467
47,1,47,"Tannenhof, Richtung Innenstadt",http://pages.i-d-e-a-s.eu/infowindows/busstop/konstanz/6726.htm,6/17/2011 12:00:00 AM,6726,8335043,Konstanz,Konstanz Tannenhof,35272,11923,|- Steig,47.67451777,9.19709561,8711923,514798.4427,5280158.8434
48,1,48,"Dettingen/Feuerwehr, nach Dettingen-Ortsmitte",http://pages.i-d-e-a-s.eu/infowindows/busstop/konstanz/6556.htm,6/17/2011 12:00:00 AM,6556,8335043,Dettingen (Konstanz),Dettingen (KN) Feuerwehr,35195,11828,|- Steig,47.73829284,9.11674131,8711828,508747.8302,5287230.6092
49,1,49,"An der Steig, stadtauswärts",http://pages.i-d-e-a-s.eu/infowindows/busstop/konstanz/6725.htm,6/17/2011 12:00:00 AM,6725,8335043,Konstanz,Konstanz An der Steig,35267,11917,|- Steig,47.67930814,9.20107515,8711917,515090.3594,5280668.0418
50,1,50,"Dettingen/Kinderspielplatz, Richtung Wollmatingen",http://pages.i-d-e-a-s.eu/infowindows/busstop/konstanz/6555.htm,6/17/2011 12:00:00 AM,6555,8335043,Dettingen (Konstanz),Dettingen (KN) Kinderspielplatz,34555,2153,|- Steig,47.73142944,9.11793607,8702153,508842.0185,5286471.0407
51,1,51,"Salzberg, Richtung Innenstadt",http://pages.i-d-e-a-s.eu/infowindows/busstop/konstanz/6728.htm,6/17/2011 12:00:00 AM,6728,8335043,Konstanz,Konstanz Salzberg,35253,11900,|- Steig,47.67328382,9.19304421,8711900,514491.6084,5280012.4912
52,1,52,"Döbele, Richtung Bahnhof",http://pages.i-d-e-a-s.eu/infowindows/busstop/konstanz/6710.htm,6/17/2011 12:00:00 AM,6710,8335043,Konstanz,Konstanz Döbele,35263,11913,|- Steig,47.65862534,9.16887054,8711913,512670.9274,5278366.6612
53,1,53,"Döbelestraße, Richtung Paradies, stadtauswärts",http://pages.i-d-e-a-s.eu/infowindows/busstop/konstanz/6780.htm,6/17/2011 12:00:00 AM,6780,8335043,Konstanz,Konstanz Döbelestraße,35202,11835,|- Steig,47.65944216,9.16684035,8711835,512534.5103,5278461.0878
54,1,54,"Feursteinstraße, Richtung Innenstadt",http://pages.i-d-e-a-s.eu/infowindows/busstop/konstanz/6859.htm,6/17/2011 12:00:00 AM,6859,8335043,Konstanz,Konstanz Feursteinstraße,35207,11841,|- Steig,47.69035699,9.1343393,8711841,510077.189,5281889.7773
55,1,55,"Hardtstraße, Richtung Innenstadt",http://pages.i-d-e-a-s.eu/infowindows/busstop/konstanz/6851.htm,6/17/2011 12:00:00 AM,6851,8335043,Konstanz,Konstanz Hardtstraße,35221,11856,Haltestelle,47.6831365,9.1517217,8711856,511384.8687,5281101.6465
56,1,56,"Gartenstraße, stadtauswärts",http://pages.i-d-e-a-s.eu/infowindows/busstop/konstanz/6787.htm,6/17/2011 12:00:00 AM,6787,8335043,Konstanz,Konstanz Gartenstraße,35215,11849,|- Steig,47.66607911,9.16584322,8711849,512445.3651,5279198.8526
57,1,57,"Kliniken Schmieder, stadtauswärts",http://pages.i-d-e-a-s.eu/infowindows/busstop/konstanz/6739.htm,6/17/2011 12:00:00 AM,6739,8335043,Konstanz,Konstanz Kliniken Schmieder,35227,11865,|- Steig,47.66595812,9.2040845,8711865,515312.6625,5279185.5252
58,1,58,"Ellenrieder Gymnasium, Richtung Bahnhof",http://pages.i-d-e-a-s.eu/infowindows/busstop/konstanz/6788.htm,6/17/2011 12:00:00 AM,6788,8335043,Konstanz,Konstanz Ellenrieder Gymnasium,35206,11839,Haltestelle,47.66550439,9.17080192,8711839,512825.8361,5279143.2991
59,1,59,"Herosestraße, Richtung Innenstadt",http://pages.i-d-e-a-s.eu/infowindows/busstop/konstanz/6874.htm,6/17/2011 12:00:00 AM,6874,8335043,Konstanz,Konstanz Herosestraße,35223,11859,|- Steig,47.68337841,9.15750685,8711859,511816.4937,5281121.7386
60,1,60,"Hauptbahnhof, Richtung stadtauswärts",http://pages.i-d-e-a-s.eu/infowindows/busstop/konstanz/6709.htm,6/17/2011 12:00:00 AM,6709,8335043,Konstanz,Konstanz Bahnhof,35143,6554,|- Steig,47.65948452,9.17711708,8706554,513301.9123,5278449.033
61,1,61,"Byk-Gulden-Straße, Richtung Innenstadt",http://pages.i-d-e-a-s.eu/infowindows/busstop/konstanz/6842.htm,6/17/2011 12:00:00 AM,6842,8335043,Konstanz,Konstanz Byk-Gulden-Straße,35192,11825,|- Steig,47.67996739,9.14672707,8711825,511009.2418,5280737.1995
62,1,62,"Line-Eid-Straße, stadtauswärts",http://pages.i-d-e-a-s.eu/infowindows/busstop/konstanz/6832.htm,6/17/2011 12:00:00 AM,6832,8335043,Konstanz,Konstanz Line-Eid-Straße,35231,11871,|- Steig,47.67306001,9.15490174,8711871,511633.1307,5279977.2231
63,1,63,"Oberdorf, nach Litzelstetten-Konstanz Innenstadt",http://pages.i-d-e-a-s.eu/infowindows/busstop/konstanz/6563.htm,6/17/2011 12:00:00 AM,6563,8335043,Dingelsdorf,Oberdorf,35242,11886,|- Steig,47.72753816,9.15800991,8711886,511843.9054,5286037.5222
64,1,64,"Ried-/Reichenaustraße, Richtung Innenstadt",http://pages.i-d-e-a-s.eu/infowindows/busstop/konstanz/6840.htm,6/17/2011 12:00:00 AM,6840,8335043,Konstanz,Konstanz Ried/Reichenaustraße,35248,11895,Haltestelle,47.67852792,9.14577486,8711895,510955.176,5280523.0615
65,1,65,"Byk-Gulden-Straße, stadtauswärts",http://pages.i-d-e-a-s.eu/infowindows/busstop/konstanz/6841.htm,6/17/2011 12:00:00 AM,6841,8335043,Konstanz,Konstanz Byk-Gulden-Straße,35192,11825,|- Steig,47.67990086,9.14691572,8711825,511027.7209,5280728.2301
66,1,66,"Oberdorf, nach Dingelsdorf-Wallhausen-Dettingen",http://pages.i-d-e-a-s.eu/infowindows/busstop/konstanz/6562.htm,6/17/2011 12:00:00 AM,6562,8335043,Dingelsdorf,Oberdorf,35242,11886,|- Steig,47.7281968,9.15794703,8711886,511852.3812,5286093.1898
67,1,67,"Allmannsdorf, Richtung Staad bzw. Mainau - Vororte",http://pages.i-d-e-a-s.eu/infowindows/busstop/konstanz/6723.htm,6/17/2011 12:00:00 AM,6723,8335043,Allmannsdorf (Konst),Konstanz Allmannsdorf,35176,11801,Haltestelle,47.68216885,9.20251245,8711801,515207.5575,5280994.4995
68,1,68,"Eichhornstraße, stadtauswärts",http://pages.i-d-e-a-s.eu/infowindows/busstop/konstanz/6744.htm,6/17/2011 12:00:00 AM,6744,8335043,Konstanz,Konstanz Eichhornstraße,35204,11837,Haltestelle,47.67007782,9.18765432,8711837,514080.9376,5279652.6637
69,1,69,"Elberfeldstraße, Richtung Innenstadt",http://pages.i-d-e-a-s.eu/infowindows/busstop/konstanz/6855.htm,6/17/2011 12:00:00 AM,6855,8335043,Konstanz,Konstanz Elberfeldstraße,35205,11838,Haltestelle,47.68014279,9.15974366,8711838,511995.2821,5280760.4917
70,1,70,"Dingelsdorf-Klausenhorn, Konstanz Innenstadt",http://pages.i-d-e-a-s.eu/infowindows/busstop/konstanz/6575.htm,6/17/2011 12:00:00 AM,6575,8335043,Dingelsdorf,Dingelsdorf Klausenhorn,35199,11832,|- Steig,47.74251556,9.14817336,8711832,511094.909,5287697.0815
71,1,71,"Litzelstetten/Waldfriedhof, nach KN Innenstadt",http://pages.i-d-e-a-s.eu/infowindows/busstop/konstanz/6565.htm,6/17/2011 12:00:00 AM,6565,8335043,Litzelstetten,Litzelstetten Waldfriedhof,35235,11875,|- Steig,47.70872421,9.17083785,8711875,512816.0876,5283950.3803
72,1,72,"Sonnenbühlstraße, Richtung Innenstadt",http://pages.i-d-e-a-s.eu/infowindows/busstop/konstanz/6914.htm,6/17/2011 12:00:00 AM,6914,8335043,Konstanz,Konstanz Sonnenbühlstraße,35261,11911,|- Steig,47.67867308,9.1918225,8711911,514386.7092,5280606.1407
73,1,73,"Riedstraße, Richtung Innenstadt",http://pages.i-d-e-a-s.eu/infowindows/busstop/konstanz/6846.htm,6/17/2011 12:00:00 AM,6846,8335043,Konstanz,Konstanz Riedstraße,35249,11896,Haltestelle,47.6844307,9.14740081,8711896,511058.9793,5281238.0758
74,1,74,"Salzberg, stadtauswärts",http://pages.i-d-e-a-s.eu/infowindows/busstop/konstanz/6729.htm,6/17/2011 12:00:00 AM,6729,8335043,Konstanz,Konstanz Salzberg,35253,11900,|- Steig,47.6730963,9.19310709,8711900,514492.7842,5279972.3051
75,1,75,"Hebelstraße, Richtung Innenstadt",http://pages.i-d-e-a-s.eu/infowindows/busstop/konstanz/6742.htm,6/17/2011 12:00:00 AM,6742,8335043,Konstanz,Konstanz Hebelstraße,35222,11857,Haltestelle,47.66883166,9.19272081,8711857,514467.1361,5279518.1726
76,1,76,"Bodanplatz, Richtung Bahnhof",http://pages.i-d-e-a-s.eu/infowindows/busstop/konstanz/6578.htm,6/17/2011 12:00:00 AM,6578,8335043,Konstanz,Konstanz Bodanplatz,35182,11812,|- Steig,47.65806869,9.17408975,8711812,513071.4645,5278309.3059
77,1,77,"Neuwerk, stadtauswärts",http://pages.i-d-e-a-s.eu/infowindows/busstop/konstanz/6828.htm,6/17/2011 12:00:00 AM,6828,8335043,Konstanz,Konstanz Neuwerk,35291,11952,|- Steig,47.67431211,9.15985146,8711952,512009.9943,5280115.6552
78,1,78,"Sternenplatz, nach Wollmatingen stadtauswärts",http://pages.i-d-e-a-s.eu/infowindows/busstop/konstanz/6567.htm,6/17/2011 12:00:00 AM,6567,8335043,Konstanz,Konstanz Sternenplatz,35268,11918,|- Steig,47.66742213,9.17954253,8711918,513487.5388,5279347.9329
79,1,79,"Stromeyersdorf, Richtung Innenstadt", ,3/16/2020 12:00:00 AM,6831,8335043,Konstanz,Stromeyersdorf,35286,11941,|- Steig,47.67275151,9.15952806,8711941,511963.9418,5279940.6897
80,1,80,"Litzelstetten/Waldfriedhof, stadtauswärts",http://pages.i-d-e-a-s.eu/infowindows/busstop/konstanz/6564.htm,6/17/2011 12:00:00 AM,6564,8335043,Litzelstetten,Litzelstetten Waldfriedhof,35235,11875,Haltestelle,47.70872421,9.17090074,8711875,512818.7008,5283917.2481
81,1,81,Litzelstetten -Tankstelle nach KN Innenstadt,http://pages.i-d-e-a-s.eu/infowindows/busstop/konstanz/6571.htm,6/17/2011 12:00:00 AM,6571,8335043,Litzelstetten,Litzelstetten Tankstelle,35234,11874,|- Steig,47.71225423,9.17327229,8711874,512991.2038,5284335.9685
82,1,82,"Döbelestraße, Richtung Bahnhof",http://pages.i-d-e-a-s.eu/infowindows/busstop/konstanz/6779.htm,6/17/2011 12:00:00 AM,6779,8335043,Konstanz,Konstanz Döbelestraße,35202,11835,|- Steig,47.65987174,9.16620255,8711835,512467.9272,5278516.7807
83,1,83,"Neuwerk, Richtung Innenstadt",http://pages.i-d-e-a-s.eu/infowindows/busstop/konstanz/6829.htm,6/17/2011 12:00:00 AM,6829,8335043,Konstanz,Konstanz Neuwerk,35291,11952,|- Steig,47.67417299,9.15974366,8711952,511979.3703,5280103.3483
84,1,84,Bodensee-Stadion,http://pages.i-d-e-a-s.eu/infowindows/busstop/konstanz/6737.htm,6/17/2011 12:00:00 AM,6737,8335043,Konstanz,Konstanz Bodensee-Stadion,35183,11813,|- Steig,47.66701681,9.20972592,8711813,515749.106,5279318.8199
85,1,85,"Bahnhof Wollmatingen, Richtung Innenstadt",http://pages.i-d-e-a-s.eu/infowindows/busstop/konstanz/6844.htm,6/17/2011 12:00:00 AM,6844,8335043,Wollmatingen,Konstanz-Wollmatingen Bahnhof,35179,11808,|- Steig,47.68201766,9.14723911,8711808,511036.6656,5280959.4603
86,1,86,"Taborweg, Richtung Innenstadt",http://pages.i-d-e-a-s.eu/infowindows/busstop/konstanz/6889.htm,6/17/2011 12:00:00 AM,6889,8335043,Konstanz,Konstanz Taborweg,35271,11922,|- Steig,47.67920533,9.16964309,8711922,512717.5764,5280657.8085
87,1,87,"Wollmatingen Rathaus, Richtung Innenstadt",http://pages.i-d-e-a-s.eu/infowindows/busstop/konstanz/6868.htm,6/17/2011 12:00:00 AM,6868,8335043,Wollmatingen,Wollmatingen Rathaus,35282,11933,|- Steig,47.69188683,9.14599045,8711933,510952.0864,5282074.914
88,1,88,"Stadtwerke, Richtung Innenstadt",http://pages.i-d-e-a-s.eu/infowindows/busstop/konstanz/6827.htm,6/17/2011 12:00:00 AM,6827,8335043,Konstanz,Konstanz Stadtwerke,35270,11921,|- Steig,47.67520732,9.1635076,8711921,512272.6533,5280217.6712
89,1,89,"Fritz-Arnold-Straße, stadtauswärts",http://pages.i-d-e-a-s.eu/infowindows/busstop/konstanz/6836.htm,6/17/2011 12:00:00 AM,6836,8335043,Konstanz,Konstanz Fritz-Arnold-Straße,35212,11846,|- Steig,47.67561258,9.14588265,8711846,510960.1404,5280257.4202
90,1,90,"Am Rheinufer, stadtauswärts", ,3/12/2020 12:00:00 AM,6822,8335043,Konstanz,Konstanz Am Rheinufer,35324,71100,Haltestelle,47.6709126,9.17227516,8771100,512919.7849,5279747.839
91,1,91,"Tannenhof, stadtauswärts",http://pages.i-d-e-a-s.eu/infowindows/busstop/konstanz/6727.htm,6/17/2011 12:00:00 AM,6727,8335043,Konstanz,Konstanz Tannenhof,35272,11923,Haltestelle,47.67495328,9.19757172,8711923,514850.7265,5280201.0915
92,1,92,"Dettingen Ortsmitte, Konstanz Innenstadt",http://pages.i-d-e-a-s.eu/infowindows/busstop/konstanz/6715.htm,6/17/2011 12:00:00 AM,6715,8335043,Dettingen (Konstanz),Dettingen (KN) Ortsmitte,35197,11830,|- Steig,47.73617229,9.11670537,8711830,508756.6283,5286988.0874
93,1,93,"Bahnhof Wollmatingen ,stadtauswärts",http://pages.i-d-e-a-s.eu/infowindows/busstop/konstanz/6843.htm,6/17/2011 12:00:00 AM,6843,8335043,Wollmatingen,Konstanz-Wollmatingen Bahnhof,35179,11808,|- Steig,47.6820358,9.14733793,8711808,511068.1119,5280970.2312
94,1,94,"Schulthaißstraße, Richtung Bahnhof",http://pages.i-d-e-a-s.eu/infowindows/busstop/konstanz/6781.htm,6/17/2011 12:00:00 AM,6781,8335043,Konstanz,Konstanz Schulthaißstraße,35258,11905,|- Steig,47.66151743,9.16644509,8711905,512489.7848,5278703.3284
95,1,95,"Wollmatingen Rathaus, stadtauswärts",http://pages.i-d-e-a-s.eu/infowindows/busstop/konstanz/6869.htm,6/17/2011 12:00:00 AM,6869,8335043,Wollmatingen,Wollmatingen Rathaus,35282,11933,|- Steig,47.69188683,9.14604435,8711933,510964.3746,5282054.7782
96,1,96,"Wallhausen/Hafen, Konstanz Innenstadt",http://pages.i-d-e-a-s.eu/infowindows/busstop/konstanz/6550.htm,6/17/2011 12:00:00 AM,6550,8335043,Wallhausen/Konstanz,Wallhausen Hafen,35278,11929,|- Steig,47.74615202,9.13660306,8711929,510228.5591,5288096.4053
97,1,97,"Sonnenbühlstraße, stadtauswärts",http://pages.i-d-e-a-s.eu/infowindows/busstop/konstanz/6915.htm,6/17/2011 12:00:00 AM,6915,8335043,Konstanz,Konstanz Sonnenbühlstraße,35261,11911,|- Steig,47.67866703,9.1919842,8711911,514425.792500001,5280604.2279
98,1,98,"Schwaketenstraße, Richtung Innenstadt",http://pages.i-d-e-a-s.eu/infowindows/busstop/konstanz/6884.htm,6/17/2011 12:00:00 AM,6884,8335043,Konstanz,Konstanz Schwaketenstraße,35260,11907,|- Steig,47.68909922,9.1538058,8711907,511536.1451,5281755.274
99,1,99,"Gabelsberger Straße, Richtung Innenstadt",http://pages.i-d-e-a-s.eu/infowindows/busstop/konstanz/6882.htm,6/17/2011 12:00:00 AM,6882,8335043,Konstanz,Konstanz Gabelsbergerstraße,35214,11848,|- Steig,47.68814378,9.15775838,8711848,511834.6746,5281651.3457
100,1,100,"Stromeyersdorf, stadtauswärts",http://pages.i-d-e-a-s.eu/infowindows/busstop/konstanz/6830.htm,6/17/2011 12:00:00 AM,6830,8335043,Konstanz,Stromeyersdorf,35286,11941,|- Steig,47.67298137,9.15867466,8711941,511922.0124,5279970.0352
101,1,101,"Sternenplatz/Spanierstraße, stadtauswärts",http://pages.i-d-e-a-s.eu/infowindows/busstop/konstanz/6732.htm,6/17/2011 12:00:00 AM,6732,8335043,Konstanz,Konstanz Sternenpl./Spanierstr.,35269,11920,|- Steig,47.66751892,9.17884184,8711920,513433.6737,5279367.1236
102,1,102,"Hallenbad, Richtung Innenstadt",http://pages.i-d-e-a-s.eu/infowindows/busstop/konstanz/6734.htm,6/17/2011 12:00:00 AM,6734,8335043,Konstanz,Konstanz Hallenbad,35219,11854,|- Steig,47.668874,9.17633554,8711854,513225.7332,5279527.112
103,1,103,"Jacob-Burckhardt-Straße, stadtauswärts",http://pages.i-d-e-a-s.eu/infowindows/busstop/konstanz/6904.htm,6/17/2011 12:00:00 AM,6904,8335043,Konstanz,Konstanz Jacob-Burckhardt-Str.,35224,11862,|- Steig,47.68233214,9.18379156,8711862,513798.3014,5281003.8147
104,1,104,"Schottenplatz, Richtung Bahnhof",http://pages.i-d-e-a-s.eu/infowindows/busstop/konstanz/6585.htm,6/17/2011 12:00:00 AM,6585,8335043,Konstanz,Konstanz Schottenplatz,35256,11903,|- Steig,47.66572823,9.17397297,8711903,513059.5818,5279172.0453
105,1,105,"Klinikum, stadtauswärts",http://pages.i-d-e-a-s.eu/infowindows/busstop/konstanz/6731.htm,6/17/2011 12:00:00 AM,6731,8335043,Konstanz,Konstanz Klinikum Konstanz,35230,11869,|- Steig,47.67044682,9.18799568,8711869,514105.2335,5279682.1245
106,1,106,"Bodensee-Therme, Richtung Bodensee-Station",http://pages.i-d-e-a-s.eu/infowindows/busstop/konstanz/6736.htm,6/17/2011 12:00:00 AM,6736,8335043,Konstanz,Konstanz Bodensee-Therme,35185,11815,Haltestelle,47.66469976,9.20834252,8711815,515639.7803,5279049.6184
107,1,107,"Bismarcksteig, stadtauswärts",http://pages.i-d-e-a-s.eu/infowindows/busstop/konstanz/6898.htm,6/17/2011 12:00:00 AM,6898,8335043,Konstanz,Konstanz Bismarcksteig,35180,11809,|- Steig,47.67538273,9.18070136,8711809,513580.4928,5280237.3669
108,1,108,"Allmannsdorf, Richtung Innenstadt",http://pages.i-d-e-a-s.eu/infowindows/busstop/konstanz/6722.htm,6/17/2011 12:00:00 AM,6722,8335043,Allmannsdorf (Konst),Konstanz Allmannsdorf,35176,11801,Haltestelle,47.68216885,9.20251245,8711801,515193.262,5281001.7732
109,1,109,"Bismarcksteig, Richtung Innenstadt",http://pages.i-d-e-a-s.eu/infowindows/busstop/konstanz/6897.htm,6/17/2011 12:00:00 AM,6897,8335043,Konstanz,Konstanz Bismarcksteig,35180,11809,|- Steig,47.67549161,9.18031508,8711809,513532.026600001,5280247.221
110,1,110,"Am Rheinufer, Richtung Innenstadt", ,3/12/2020 12:00:00 AM,6823,8335043,Konstanz,Konstanz Am Rheinufer,35324,71100,|- Steig,47.67079767,9.17265245,8771100,512953.9756,5279725.6537
111,1,111,"Schwaketenbad, stadtauswärts Richtung Urisberg",http://pages.i-d-e-a-s.eu/infowindows/busstop/konstanz/6885.htm,6/17/2011 12:00:00 AM,6885,8335043,Konstanz,Konstanz Schwaketenbad,35259,11906,Haltestelle,47.68782328,9.16046231,8711906,512055.133,5281622.1607
112,1,112,"Klinikum, Richtung Innenstadt",http://pages.i-d-e-a-s.eu/infowindows/busstop/konstanz/6730.htm,6/17/2011 12:00:00 AM,6730,8335043,Konstanz,Konstanz Klinikum Konstanz,35230,11869,|- Steig,47.67020485,9.18708838,8711869,514045.0491,5279669.8699
113,1,113,"Pfeiferhölzle, Richtung Innenstadt",http://pages.i-d-e-a-s.eu/infowindows/busstop/konstanz/6908.htm,6/17/2011 12:00:00 AM,6908,8335043,Konstanz,Konstanz Pfeiferhölzle,35244,11889,|- Steig,47.68266477,9.1758235,8711889,513200.9665,5281042.963
114,1,114,"Brandenburger Straße, Richtung Innenstadt",http://pages.i-d-e-a-s.eu/infowindows/busstop/konstanz/6847.htm,6/17/2011 12:00:00 AM,6847,8335043,Konstanz,Konstanz Brandenburger Straße,35186,11816,Haltestelle,47.68572486,9.14629588,8711816,510973.7137,5281380.6339
115,1,115,"Pfeiferhölzle-Wendeplatz, Richtung Innenstadt",http://pages.i-d-e-a-s.eu/infowindows/busstop/konstanz/6910.htm,6/17/2011 12:00:00 AM,6910,8335043,Konstanz,Konstanz Pfeiferhölzle Wendeplatte,35245,11890,Haltestelle,47.68279782,9.17364958,8711890,513032.1837,5281063.4245
116,1,116,"Schnetztor, Richtung Bahnhof",http://pages.i-d-e-a-s.eu/infowindows/busstop/konstanz/6580.htm,6/17/2011 12:00:00 AM,6580,8335043,Konstanz,Konstanz Schnetztor,35255,11902,|- Steig,47.65837122,9.17163735,8711902,512894.5458,5278339.3327
117,1,117,"Königsbau, Richtung Innenstadt",http://pages.i-d-e-a-s.eu/infowindows/busstop/konstanz/6901.htm,6/17/2011 12:00:00 AM,6901,8335043,Konstanz,Konstanz Königsbau,35228,11867,|- Steig,47.67846744,9.18517497,8711867,513892.2977,5280582.3397
118,1,118,"Jacob-Burckhardt-Straße, Richtung Innenstadt",http://pages.i-d-e-a-s.eu/infowindows/busstop/konstanz/6903.htm,6/17/2011 12:00:00 AM,6903,8335043,Konstanz,Konstanz Jacob-Burckhardt-Str.,35224,11862,|- Steig,47.68170921,9.18373766,8711862,513785.8279,5280947.362
119,1,119,"Rosenau, Richtung Innenstadt",http://pages.i-d-e-a-s.eu/infowindows/busstop/konstanz/6740.htm,6/17/2011 12:00:00 AM,6740,8335043,Konstanz,Konstanz Rosenau,35250,11897,Haltestelle,47.66702286,9.19882936,8711897,514927.2837,5279320.0189
120,1,120,"Sternenplatz, Richtung Altstadt", ,3/12/2020 12:00:00 AM,6568,8335043,Konstanz,Konstanz Sternenplatz,35268,11918,|- Steig,47.66753707,9.17931795,8711918,513461.4973,5279377.882
121,1,121,"Friedrichstraße, Richtung Innenstadt",http://pages.i-d-e-a-s.eu/infowindows/busstop/konstanz/6899.htm,6/17/2011 12:00:00 AM,6899,8335043,Konstanz,Konstanz Friedrichstraße,35211,11845,|- Steig,47.67598759,9.18415987,8711845,513820.5027,5280311.6419
122,1,122,"Zähringerplatz, Richtung Innenstadt",http://pages.i-d-e-a-s.eu/infowindows/busstop/konstanz/6895.htm,6/17/2011 12:00:00 AM,6895,8335043,Konstanz,Konstanz Zähringerplatz,35284,11935,|- Steig,47.67270312,9.18362088,8711935,513781.2028,5279956.1361
123,1,123,"Gutenbergweg, Richtung Innenstadt",http://pages.i-d-e-a-s.eu/infowindows/busstop/konstanz/6878.htm,6/17/2011 12:00:00 AM,6878,8335043,Konstanz,Konstanz Gutenbergweg,35218,11853,|- Steig,47.68689805,9.16145046,8711853,512112.3904,5281522.3128
124,1,124,"Danziger Straße, Richtung Innenstadt",http://pages.i-d-e-a-s.eu/infowindows/busstop/konstanz/6909.htm,6/17/2011 12:00:00 AM,6909,8335043,Konstanz,Konstanz Danziger Straße,35194,11827,|- Steig,47.68158826,9.18081814,8711827,513561.1955,5280915.1282
125,1,125,"Buhlenweg, Richtung Innenstadt",http://pages.i-d-e-a-s.eu/infowindows/busstop/konstanz/6876.htm,6/17/2011 12:00:00 AM,6876,8335043,Konstanz,Konstanz Buhlenweg,35191,11823,Haltestelle,47.68375336,9.15872856,8711823,511915.309,5281172.6366
126,1,126,"Carl-Benz-Straße, stadtauswärts",http://pages.i-d-e-a-s.eu/infowindows/busstop/konstanz/6835.htm,6/17/2011 12:00:00 AM,6835,8335043,Konstanz,Konstanz Carl-Benz-Straße,35193,11826,|- Steig,47.67623558,9.14864048,8711826,511161.3718,5280331.2944
127,1,127,"Kliniken Schmieder, Richtung Innenstadt",http://pages.i-d-e-a-s.eu/infowindows/busstop/konstanz/6738.htm,6/17/2011 12:00:00 AM,6738,8335043,Konstanz,Konstanz Kliniken Schmieder,35227,11865,|- Steig,47.66595812,9.2040845,8711865,515300.5835,5279199.5686
128,1,128,"Reute-/Winkelstraße, Richtung Innenstadt",http://pages.i-d-e-a-s.eu/infowindows/busstop/konstanz/6853.htm,6/17/2011 12:00:00 AM,6853,8335043,Konstanz,Konstanz Reute-/Winkelstraße,35247,11894,|- Steig,47.68088669,9.15645583,8711894,511736.2301,5280845.6383
129,1,129,"Elberfeldstraße, stadtauswärts",http://pages.i-d-e-a-s.eu/infowindows/busstop/konstanz/6856.htm,6/17/2011 12:00:00 AM,6856,8335043,Konstanz,Konstanz Elberfeldstraße,35205,11838,Haltestelle,47.68014279,9.15974366,8711838,511988.4465,5280765.9719
130,1,130,"Ellenrieder-Gymasium, stadtauswärts",http://pages.i-d-e-a-s.eu/infowindows/busstop/konstanz/6789.htm,6/17/2011 12:00:00 AM,6789,8335043,Konstanz,Konstanz Ellenrieder Gymnasium,35206,11839,|- Steig,47.66549229,9.17085582,8711839,512824.4117,5279133.6106
131,1,131,"Bücklestraße, Richtung Wollmatingen",http://pages.i-d-e-a-s.eu/infowindows/busstop/konstanz/6970.htm,6/17/2011 12:00:00 AM,6970,8335043,Konstanz,Konstanz Bücklestraße,35190,11822,Haltestelle,47.67582428,9.17194278,8711822,512901.0287,5280290.5969
132,1,132,"Friedhof, Richtung Innenstadt",http://pages.i-d-e-a-s.eu/infowindows/busstop/konstanz/6891.htm,6/17/2011 12:00:00 AM,6891,8335043,Konstanz,Konstanz Friedhof,35210,11844,|- Steig,47.67766906,9.1744401,8711844,513086.2784,5280488.5911
133,1,133,"Friedhof, stadtauswärts",http://pages.i-d-e-a-s.eu/infowindows/busstop/konstanz/6892.htm,6/17/2011 12:00:00 AM,6892,8335043,Konstanz,Konstanz Friedhof,35210,11844,|- Steig,47.67834648,9.17297584,8711844,512993.3635,5280569.2898
134,1,134,"Königsbau, stadtauswärts",http://pages.i-d-e-a-s.eu/infowindows/busstop/konstanz/6902.htm,6/17/2011 12:00:00 AM,6902,8335043,Konstanz,Konstanz Königsbau,35228,11867,|- Steig,47.67818922,9.18534565,8711867,513917.8301,5280540.0469
135,1,135,"Fürstenberg, stadtauswärts",http://pages.i-d-e-a-s.eu/infowindows/busstop/konstanz/6888.htm,6/17/2011 12:00:00 AM,6888,8335043,Konstanz,Konstanz Fürstenberg,35213,11847,|- Steig,47.68100765,9.16187267,8711847,512159.5096,5280854.8891
136,1,136,Grundschule Wollmatingen,http://pages.i-d-e-a-s.eu/infowindows/busstop/konstanz/6973.htm,6/17/2011 12:00:00 AM,6973,8335043,Wollmatingen,Wollmatingen Grundschule,35068,3262,|- Steig,47.68980672,9.14918846,8703262,511199.2093,5281830.6228
137,1,137,"Geschwister-Scholl-Schule, Richtung Universität",http://pages.i-d-e-a-s.eu/infowindows/busstop/konstanz/6880.htm,6/17/2011 12:00:00 AM,6880,8335043,Konstanz,Konstanz Geschw.-Scholl-Schule,35217,11852,|- Steig,47.68831914,9.16364235,8711852,512269.7104,5281667.8621
138,1,138,"Hebelstraße, stadtauswärts",http://pages.i-d-e-a-s.eu/infowindows/busstop/konstanz/6743.htm,6/17/2011 12:00:00 AM,6743,8335043,Konstanz,Konstanz Hebelstraße,35222,11857,Haltestelle,47.66883166,9.19272081,8711857,514465.3994,5279508.0456
139,1,139,"Dingelsdorf-Klausenhorn, nach Wallhausen-Dettingen",http://pages.i-d-e-a-s.eu/infowindows/busstop/konstanz/6574.htm,6/17/2011 12:00:00 AM,6574,8335043,Dingelsdorf,Dingelsdorf Klausenhorn,35199,11832,|- Steig,47.74273907,9.14751759,8711832,511066.7444,5287717.0465
140,1,140,"Litzelstetten/Zum Purren, stadtauswärts",http://pages.i-d-e-a-s.eu/infowindows/busstop/konstanz/6572.htm,6/17/2011 12:00:00 AM,6572,8335043,Litzelstetten,Litzelstetten Purren,35233,11873,|- Steig,47.71526423,9.17205956,8711873,512912.4835,5284661.6725
141,1,141,Marktstätte,http://pages.i-d-e-a-s.eu/infowindows/busstop/konstanz/6586.htm,6/17/2011 12:00:00 AM,6586,8335043,Konstanz,Konstanz Marktstätte/BHF Richtung CH,35239,11882,|- Steig,47.65965998,9.17703623,8711882,513290.7364,5278499.3958
142,1,143,"Riedstraße, stadtauswärts",http://pages.i-d-e-a-s.eu/infowindows/busstop/konstanz/6845.htm,6/17/2011 12:00:00 AM,6845,8335043,Konstanz,Konstanz Riedstraße,35249,11896,Haltestelle,47.6844307,9.14740081,8711896,511064.0431,5281235.1097
143,1,144,"Rosenau, stadtauswärts",http://pages.i-d-e-a-s.eu/infowindows/busstop/konstanz/6741.htm,6/17/2011 12:00:00 AM,6741,8335043,Konstanz,Konstanz Rosenau,35250,11897,Haltestelle,47.66702286,9.19882936,8711897,514922.4828,5279310.2454
144,1,145,"Sternenplatz/Spanierstraße, Richtung Innenstadt",http://pages.i-d-e-a-s.eu/infowindows/busstop/konstanz/6733.htm,6/17/2011 12:00:00 AM,6733,8335043,Konstanz,Konstanz Sternenpl./Spanierstr.,35269,11920,Haltestelle,47.66743423,9.17888676,8711920,513422.8069,5279347.3893
145,1,146,"Zähringerplatz, stadtauswärts",http://pages.i-d-e-a-s.eu/infowindows/busstop/konstanz/6896.htm,6/17/2011 12:00:00 AM,6896,8335043,Konstanz,Konstanz Zähringerplatz,35284,11935,|- Steig,47.67246116,9.18370173,8711935,513790.2375,5279894.1969
146,1,147,"Bücklestraße, Richtung Fähre Staad",http://pages.i-d-e-a-s.eu/infowindows/busstop/konstanz/6894.htm,6/17/2011 12:00:00 AM,6894,8335043,Konstanz,Konstanz Bücklestraße,35190,11822,|- Steig,47.67578799,9.17187092,8711822,512891.9858,5280246.2291
147,1,148,"Dettingen/Kinderspielplatz, nach Wallhausen",http://pages.i-d-e-a-s.eu/infowindows/busstop/konstanz/6554.htm,6/17/2011 12:00:00 AM,6554,8335043,Dettingen (Konstanz),Dettingen (KN) Kinderspielplatz,34555,2153,|- Steig,47.7322572,9.1181337,8702153,508866.4368,5286543.3527
148,1,149,"Dingelsdorf/Wallhauser Straße, nach Wallhausen",http://pages.i-d-e-a-s.eu/infowindows/busstop/konstanz/6576.htm,6/17/2011 12:00:00 AM,6576,8335043,Dingelsdorf,Dingelsdorf Wallhauser Straße,35201,11834,Haltestelle,47.74057642,9.15191933,8711834,511392.1871,5287479.6224
149,1,150,"Dingelsdorf-Ortsmitte, nach Oberdorf", ,3/13/2020 12:00:00 AM,6561,8335043,Dingelsdorf,Dingelsdorf Ortsmitte,35200,11833,|- Steig,47.7387399,9.15589887,8711833,511686.8732,5287277.3526
150,1,151,"Dingelsdorf-Ortsmitte, nach Dettingen", ,3/13/2020 12:00:00 AM,6560,8335043,Dingelsdorf,Dingelsdorf Ortsmitte,35200,11833,|- Steig,47.73881239,9.1559887,8711833,511697.6017,5287276.5851
151,1,152,"Hieronymusgasse, stadtauswärts",http://pages.i-d-e-a-s.eu/infowindows/busstop/konstanz/6581.htm,6/17/2011 12:00:00 AM,6581,8335043,Konstanz,Konstanz Hieronymusgasse,34853,2827,|- Steig,47.66024082,9.17152956,8702827,512882.5747,5278557.0462
152,1,153,"Rudolf-Diesel-Straße, stadtauswärts",http://pages.i-d-e-a-s.eu/infowindows/busstop/konstanz/6833.htm,6/17/2011 12:00:00 AM,6833,8335043,Konstanz,Konstanz Rudolf-Diesel-Straße,35251,11898,|- Steig,47.67430607,9.15151509,8711898,511378.4074,5280118.5073
153,1,154,"Ebertplatz, stadtauswärts", ,3/12/2020 12:00:00 AM,6820,8335043,Konstanz,Konstanz Ebertplatz,35322,64350,|- Steig,47.67051336,9.17488027,8764350,513144.2542,5279682.1357
154,1,155,"Ebertplatz, Richtung Innenstadt", ,3/12/2020 12:00:00 AM,6821,8335043,Konstanz,Konstanz Ebertplatz,35322,64350,Haltestelle,47.67050731,9.17487129,8764350,513123.1832,5279683.04
155,1,156,"Wallhausen-Birnaublick, Richtung Dingelsdorf",http://pages.i-d-e-a-s.eu/infowindows/busstop/konstanz/6717.htm,6/17/2011 12:00:00 AM,6717,8335043,Wallhausen/Konstanz,Wallhausen Birnaublick,35277,11928,|- Steig,47.7471064,9.12919196,8711928,509685.4853,5288195.9607
156,1,157,"Universität / Egg, Richtung Mainau-Litzelstetten",http://pages.i-d-e-a-s.eu/infowindows/busstop/konstanz/6719.htm,6/17/2011 12:00:00 AM,6719,8335043,Egg (Konstanz),Egg Egg/Universität,35159,10200,|- Steig,47.69174775,9.19025943,8710200,514284.6798,5282056.5062
157,1,158,"Universität/ Egg, Richtung Innenstadt",http://pages.i-d-e-a-s.eu/infowindows/busstop/konstanz/6719.htm,6/17/2011 12:00:00 AM,6719,8335043,Egg (Konstanz),Egg Egg/Universität,35159,10200,|- Steig,47.6908105,9.19153504,8710200,514368.7007,5281952.513
158,1,159,"Herosestraße, stadtauswärts",http://pages.i-d-e-a-s.eu/infowindows/busstop/konstanz/6875.htm,6/17/2011 12:00:00 AM,6875,8335043,Konstanz,Konstanz Herosestraße,35223,11859,|- Steig,47.68414646,9.15641989,8711859,511743.5209,5281213.9162
159,1,160,"Radolfzeller Straße, Richtung Innenstadt",http://pages.i-d-e-a-s.eu/infowindows/busstop/konstanz/6861.htm,6/17/2011 12:00:00 AM,6861,8335043,Wollmatingen,Wollmatingen Radolfzeller Str.,35283,11934,|- Steig,47.69428732,9.14181329,8711934,510715.8367,5282291.0691
160,1,161,"Opelstraße, stadtauswärts / Richtung Wollmattingen",http://pages.i-d-e-a-s.eu/infowindows/busstop/konstanz/6838.htm,6/17/2011 12:00:00 AM,6838,8335043,Konstanz,Konstanz Opelstraße,35243,11887,Haltestelle,47.67705213,9.15413817,8711887,511564.9266,5280422.8592
161,1,162,"Opelstraße, Richtung Fähre/Staad",http://pages.i-d-e-a-s.eu/infowindows/busstop/konstanz/6837.htm,6/17/2011 12:00:00 AM,6837,8335043,Konstanz,Konstanz Opelstraße,35243,11887,|- Steig,47.67706422,9.15420105,8711887,511574.4574,5280415.0232
162,1,163,Schweizer Bahnhof,http://pages.i-d-e-a-s.eu/infowindows/busstop/konstanz/6972.htm,6/17/2011 12:00:00 AM,6972,8335043,Konstanz,Konstanz Schweizer Bahnhof,35289,11949,|- Steig,47.65835307,9.17679368,8711949,513275.2583,5278319.455
163,1,164,"Lutherplatz, Richtung Bahnhof",http://pages.i-d-e-a-s.eu/infowindows/busstop/konstanz/6783.htm,6/17/2011 12:00:00 AM,6783,8335043,Konstanz,Konstanz Lutherplatz,35236,11877,|- Steig,47.66173524,9.17077497,8711877,512824.2199,5278723.8054
164,1,165,"Litzelstetter Straße, stadtauswärts",http://pages.i-d-e-a-s.eu/infowindows/busstop/konstanz/6863.htm,6/17/2011 12:00:00 AM,6863,8335043,Wollmatingen,Wollmat. Litzelst.-Str./Kirche,35327,72067,|- Steig,47.69365849,9.15167679,8772067,511378.959,5282258.8497
165,1,166,"Litzelstetter Straße, Richtung Innenstadt",http://pages.i-d-e-a-s.eu/infowindows/busstop/konstanz/6862.htm,6/17/2011 12:00:00 AM,6862,8335043,Wollmatingen,Wollmat. Litzelst.-Str./Kirche,35327,72067,Haltestelle,47.69353151,9.15146119,8772067,511361.4479,5282250.9605
166,1,167,"Laube / Niederburg, stadtauswärts",http://pages.i-d-e-a-s.eu/infowindows/busstop/konstanz/6584.htm,6/17/2011 12:00:00 AM,6584,8335043,Konstanz,Konstanz Laube/Niederburg,35275,11926,|- Steig,47.66532894,9.17407179,8711926,513070.851,5279110.969
167,1,168,"Bürgerbüro, Richtung Bahnhof",http://pages.i-d-e-a-s.eu/infowindows/busstop/konstanz/6582.htm,6/17/2011 12:00:00 AM,6582,8335043,Konstanz,Konstanz Bürgerbüro,35257,11904,Haltestelle,47.66242496,9.17239194,8711904,512944.5031,5278801.1523
168,1,169,"Breslauer Straße (Ost), stadtauswärts",http://pages.i-d-e-a-s.eu/infowindows/busstop/konstanz/6871.htm,6/17/2011 12:00:00 AM,6871,8335043,Konstanz,Konstanz Breslauer Straße Ost,35187,11819,|- Steig,47.68476936,9.152099,8711819,511423.516,5281274.1983
169,1,170,"Buhlenweg Süd, stadtauswärts",http://pages.i-d-e-a-s.eu/infowindows/busstop/konstanz/6877.htm,6/17/2011 12:00:00 AM,6877,8335043,Konstanz,Konstanz Buhlenweg Süd,35292,11964,|- Steig,47.6830095,9.15806381,8711964,511871.0739,5281077.0762
170,1,171,ZfP Reichenau,http://pages.i-d-e-a-s.eu/infowindows/busstop/konstanz/6937.htm,6/17/2011 12:00:00 AM,6937,8335066,Reichenau (Baden),Reichenau ZfP,34718,2429,Haltestelle,47.69226172,9.12831161,8702429,509626.0496,5282097.7339
171,1,172,"Kindlebildstraße, stadtauswärts", ,3/16/2020 12:00:00 AM,6858,8335043,Wollmatingen,Wollmatingen Kindlebildstraße,35281,11932,Haltestelle,47.69142123,9.1454335,8711932,510917.845,5282018.9508
172,1,173,"Jugendherberge, Richtung Mainau-Vororte",http://pages.i-d-e-a-s.eu/infowindows/busstop/konstanz/6721.htm,6/17/2011 12:00:00 AM,6721,8335043,Konstanz,Konstanz Jugendherberge,35225,11863,Haltestelle,47.68493264,9.20009598,8711863,515014.5343,5281311.41
173,1,174,"Insel Mainau, in beide Richtungen",http://pages.i-d-e-a-s.eu/infowindows/busstop/konstanz/6566.htm,6/17/2011 12:00:00 AM,6566,8335043,Mainau,Mainau,35237,11879,|- Steig,47.70110121,9.18384546,8711879,513794.4224,5283092.7723
174,1,175,"Zähringerplatz/Allmannsdorfer Str., stadteinwärts",http://pages.i-d-e-a-s.eu/infowindows/busstop/konstanz/6920.htm,6/17/2011 12:00:00 AM,6920,8335043,Konstanz,Konstanz Zähringerplatz,35284,11935,|- Steig,47.67348343,9.1845192,8711935,513856.0203,5280032.2224
175,1,176,"Allmannsdorfer Straße, Richtung Innenstadt", ,3/13/2020 12:00:00 AM,6918,8335043,Konstanz,Konstanz Allmannsdorfer Straße,35177,11802,|- Steig,47.67376772,9.1876094,8711802,514084.6691,5280063.3239
176,1,177,"Zähringerplatz/Allmannsdorfer Str., stadtauswärts",http://pages.i-d-e-a-s.eu/infowindows/busstop/konstanz/6919.htm,6/17/2011 12:00:00 AM,6919,8335043,Konstanz,Konstanz Allmannsd.Str./Zähringerplatz,36385,11936,Haltestelle,47.67351367,9.18529175,8711936,513905.8032,5280029.2738
177,1,178,"Allmannsdorfer Straße, stadtauswärts", ,3/13/2020 12:00:00 AM,6921,8335043,Konstanz,Konstanz Allmannsdorfer Straße,35177,11802,|- Steig,47.67374958,9.18770821,8711802,514087.9589,5280056.3078
178,1,179,"Am Bettenberg, Richtung Innenstadt",http://pages.i-d-e-a-s.eu/infowindows/busstop/konstanz/6864.htm,6/17/2011 12:00:00 AM,6864,8335043,Konstanz,Konstanz Am Bettenberg,35178,11804,Haltestelle,47.69900937,9.1576955,8711804,511828.3226,5282860.8834
179,1,180,"Am Bettenberg, stadtauswärts",http://pages.i-d-e-a-s.eu/infowindows/busstop/konstanz/6865.htm,6/17/2011 12:00:00 AM,6865,8335043,Konstanz,Konstanz Am Bettenberg,35178,11804,Haltestelle,47.69900937,9.1576955,8711804,511835.7145,5282859.3433
180,1,181,"Bodenseeforum/IHK, stadtauswärts", ,3/12/2020 12:00:00 AM,0,8335043,Konstanz,Konstanz Bodenseeforum / IHK,35321,61500,|- Steig,47.6716385,9.16843037,8761500,512652.5529,5279821.1374
181,1,182,"Bodenseeforum/IHK, Richtung Innenstadt", ,3/12/2020 12:00:00 AM,0,8335043,Konstanz,Konstanz Bodenseeforum / IHK,35321,61500,|- Steig,47.67171109,9.16668764,8761500,512502.2261,5279822.6463
182,1,183,"Neue Rheinbrücke, stadtauswärts", ,3/12/2020 12:00:00 AM,0,8335043,Konstanz,Konstanz Neue Rheinbrücke,35320,60200,Haltestelle,47.67200749,9.16339082,8760200,512268.381,5279865.8932
183,1,184,"Neue Rheinbrücke, Richtung Innenstadt", ,3/12/2020 12:00:00 AM,0,8335043,Konstanz,Konstanz Neue Rheinbrücke,35320,60200,Haltestelle,47.67200749,9.16339082,8760200,512263.9692,5279843.5002
184,1,185,"Line-Eid-Straße, Richtung Innenstadt", ,3/12/2020 12:00:00 AM,0,8335043,Konstanz,Konstanz Line-Eid-Straße,35231,11871,|- Steig,47.67294508,9.15517123,8711871,511643.206,5279963.2005
185,1,186,"Rudolf-Diesel-Straße, Richtung Innenstadt", ,3/12/2020 12:00:00 AM,0,8335043,Konstanz,Konstanz Rudolf-Diesel-Straße,35251,11898,|- Steig,47.6743605,9.15144323,8711898,511307.668600001,5280152.3211
186,1,187,"Carl-Benz-Straße, Richtung Innenstadt", ,3/12/2020 12:00:00 AM,0,8335043,Konstanz,Konstanz Carl-Benz-Straße,35193,11826,|- Steig,47.67643518,9.14834404,8711826,511132.0069,5280347.7468
187,1,188,"Fritz-Arnold-Straße, Richtung Innenstadt", ,3/12/2020 12:00:00 AM,0,8335043,Konstanz,Konstanz Fritz-Arnold-Straße,35212,11846,|- Steig,47.67578194,9.14553231,8711846,510920.043600001,5280274.6347
188,1,189,Radolfzeller Straße, ,3/12/2020 12:00:00 AM,0,8335043,Wollmatingen,Wollmatingen Radolfzeller Str.,35283,11934,|- Steig,47.6943236,9.14175939,8711934,510640.208,5282340.2653
189,1,190,"Dingelsdorf Thingolthalle, nach Oberdorf", ,3/13/2020 12:00:00 AM,0,8335043,Dingelsdorf,Dingelsdorf Thingolthalle,35290,11951,|- Steig,47.73700602,9.15525208,8711951,511635.8494,5287092.8499
190,1,191,"Dingelsdorf Thingolthalle, nach Dettingen", ,3/13/2020 12:00:00 AM,0,8335043,Dingelsdorf,Dingelsdorf Thingolthalle,35290,11951,|- Steig,47.73674624,9.15535988,8711951,511653.0245,5287056.1744
191,1,192,Wallhausen-Linzgaublick, ,3/13/2020 12:00:00 AM,0,8335043,Wallhausen/Konstanz,Wallhausen Linzgaublick,35279,11930,|- Steig,47.74618826,9.13283912,8711930,509957.792500001,5288096.7338
192,1,193,"Dettingen/Feuerwehr, nach Wallhausen-KN Innenstadt", ,3/13/2020 12:00:00 AM,0,8335043,Dettingen (Konstanz),Dettingen (KN) Feuerwehr,35195,11828,|- Steig,47.7380089,9.11677724,8711828,508760.2813,5287183.4265
193,1,194,"Schwaketenstraße, stadtauswärts Richtung Urisberg", ,3/13/2020 12:00:00 AM,0,8335043,Konstanz,Konstanz Schwaketenstraße,35260,11907,|- Steig,47.68939552,9.15251222,8711907,511445.5076,5281796.0743
194,1,195,Urisberg, ,3/13/2020 12:00:00 AM,0,8335043,Konstanz,Konstanz Urisberg,35276,11927,|- Steig,47.68993975,9.15120966,8711927,511342.8088,5281847.8088
195,1,196,Universität West, ,3/13/2020 12:00:00 AM,0,8335043,Konstanz,Konstanz Universität West,35332,90100,|- Steig,47.68946204,9.18629786,8790100,513981.843,5281800.1153
196,1,197,Sonnenbühlstraße/Tannenhof, ,3/13/2020 12:00:00 AM,0,8335043,Konstanz,Konstanz Sonnenbühlstr/Tannenhof,35333,91800,|- Steig,47.67598154,9.19727527,8791800,514821.3483,5280305.2059
197,1,198,Friedrichstraße, ,3/13/2020 12:00:00 AM,0,8335043,Konstanz,Konstanz Friedrichstraße,35211,11845,|- Steig,47.67625373,9.18443835,8711845,513847.8327,5280334.1658
198,1,199,Feursteinstraße, ,3/16/2020 12:00:00 AM,0,8335043,Konstanz,Konstanz Feursteinstraße,35207,11841,|- Steig,47.69027838,9.13469863,8711841,510109.4746,5281888.0446
199,1,200,Grundschule Wollmatingen, ,3/16/2020 12:00:00 AM,0,8335043,Wollmatingen,Wollmatingen Grundschule,35068,3262,|- Steig,47.68962531,9.15083237,8703262,511311.8422,5281820.5986
200,1,201,"Kindlebildstraße, stadtzentrum", ,3/16/2020 12:00:00 AM,0,8335043,Wollmatingen,Wollmatingen Kindlebildstraße,35281,11932,Haltestelle,47.69142123,9.1454335,8711932,510906.0472,5282014.0057
201,1,202,"Max-Stromeyer-Straße OST, Richtung Innenstadt", ,3/16/2020 12:00:00 AM,0,8335043,Konstanz,Konstanz Max-Stromeyer-Str. Ost,35240,11883,|- Steig,47.67747552,9.15647379,8711883,511733.7713,5280466.4685
202,1,203,"Max-Stromeyer-Straße OST, stadtauswärts", ,3/16/2020 12:00:00 AM,0,8335043,Konstanz,Konstanz Max-Stromeyer-Str. Ost,35240,11883,|- Steig,47.67766906,9.15603362,8711883,511720.9521,5280488.3484
203,1,204,"Max-Stromeyer-Straße WEST, stadtauswärts", ,3/16/2020 12:00:00 AM,0,8335043,Konstanz,Konstanz Max-Strom.-Str. West,35241,11884,|- Steig,47.67899364,9.15190137,8711884,511410.7295,5280638.9264
204,1,205,"Max-Stromeyer-Straße WEST, Richtung Innenstadt", ,3/16/2020 12:00:00 AM,0,8335043,Konstanz,Konstanz Max-Strom.-Str. West,35241,11884,|- Steig,47.678788,9.15238646,8711884,511429.963,5280614.0799
205,1,206,Gottmannplatz (Linie 15), ,3/16/2020 12:00:00 AM,0,8335043,Konstanz,Konstanz Gottmannpl./Schneckenburgstr,35323,70700,Haltestelle,47.67393709,9.17065819,8770700,512809.354,5280066.9555
206,1,207,Friedhof (Linie 15), ,3/16/2020 12:00:00 AM,0,8335043,Konstanz,Konstanz Friedhof,35210,11844,|- Steig,47.67754205,9.17325432,8711844,513002.5676,5280488.1159
207,1,208,"Kreuzlingen, Helvetiaplatz", ,3/16/2020 12:00:00 AM,0,23021671,Kreuzlingen,"Kreuzlingen, Helvetiaplatz",114026,27477,Haltestelle,47.65308273,9.1735328,53027477,513048.1583,5277719.7463
208,1,209,"Kreuzlingen, Helvetiaplatz", ,3/16/2020 12:00:00 AM,0,23021671,Kreuzlingen,"Kreuzlingen, Helvetiaplatz",114026,27477,Haltestelle,47.65308273,9.1735328,53027477,513044.2085,5277702.5698
209,1,210,"Kreuzlingen, Seepark-Center", ,3/16/2020 12:00:00 AM,0,23021671,Kreuzlingen,"Kreuzlingen, Seepark",114042,27496,Haltestelle,47.64077311,9.19596373,53027496,514779.6124,5276436.3475
210,1,211,"Kreuzlingen, Zihlstraße", ,3/16/2020 12:00:00 AM,0,23021671,Kreuzlingen,"Kreuzlingen, Zihlstrasse",109241,24954,Haltestelle,47.63965941,9.20144346,53024954,515074.459,5276353.9543
211,1,212,"Kreuzlingen, Zihlstraße", ,3/16/2020 12:00:00 AM,0,23021671,Kreuzlingen,"Kreuzlingen, Zihlstrasse",109241,24954,Haltestelle,47.63965941,9.20144346,53024954,515130.539,5276268.2217
212,1,213,"Kreuzlingen, Kurzrickenbach", ,3/16/2020 12:00:00 AM,0,23021671,Kreuzlingen,"Kreuzlingen, Kurzrickenbach",103252,3747,Haltestelle,47.64007705,9.19425693,53003747,514610.0201,5276327.0098
213,1,214,"Kreuzlingen, Kurzrickenbach", ,3/16/2020 12:00:00 AM,0,23021671,Kreuzlingen,"Kreuzlingen, Kurzrickenbach",103252,3747,Haltestelle,47.64007705,9.19425693,53003747,514566.2017,5276332.7486
214,1,215,"Kreuzlingen, Breite", ,3/16/2020 12:00:00 AM,0,23021671,Kreuzlingen,"Kreuzlingen, Breite",109237,24949,Haltestelle,47.64171126,9.18958569,53024949,514180.4199,5276539.3765
215,1,216,"Kreuzlingen, Breite", ,3/16/2020 12:00:00 AM,0,23021671,Kreuzlingen,"Kreuzlingen, Breite",109237,24949,Haltestelle,47.64171126,9.18958569,53024949,514244.8694,5276493.7458
216,1,217,"Kreuzlingen, Blaues-Haus-Platz", ,3/16/2020 12:00:00 AM,0,23021671,Kreuzlingen,"Kreuzlingen, Blaues-Haus-Platz",109236,24948,Haltestelle,47.64293991,9.18383648,53024948,513748.4118,5276682.1375
217,1,218,"Kreuzlingen, Blaues-Haus-Platz", ,3/16/2020 12:00:00 AM,0,23021671,Kreuzlingen,"Kreuzlingen, Blaues-Haus-Platz",109236,24948,Haltestelle,47.64293991,9.18383648,53024948,513812.2594,5276633.0675
218,1,219,"Kreuzlingen, Seminar/Hirschenplatz", ,3/16/2020 12:00:00 AM,0,23021671,Kreuzlingen,"Kreuzlingen, Seminar",103251,3746,Haltestelle,47.64495531,9.17909337,53003746,513406.8195,5276898.0935
219,1,220,"Kreuzlingen, Bärenplatz", ,3/16/2020 12:00:00 AM,0,23021671,Kreuzlingen,"Kreuzlingen, Bärenplatz",103250,3745,Haltestelle,47.6473277,9.17570672,53003745,513185.2042,5277120.6382
220,1,221,"Kreuzlingen, Bärenplatz", ,3/16/2020 12:00:00 AM,0,23021671,Kreuzlingen,"Kreuzlingen, Bärenplatz",103250,3745,Haltestelle,47.6473277,9.17570672,53003745,513201.1269,5277107.271
221,1,222,"Kreuzlingen, Seminar/Hirschenplatz", ,3/16/2020 12:00:00 AM,0,23021671,Kreuzlingen,"Kreuzlingen, Seminar",103251,3746,Haltestelle,47.64495531,9.17909337,53003746,513454.0764,5276852.4728
222,1,223,"Kreuzlingen, Sonnenweg", ,3/16/2020 12:00:00 AM,0,23021671,Kreuzlingen,"Kreuzlingen, Sonnenweg",114027,27478,Haltestelle,47.64939135,9.17467366,53027478,513130.8888,5277334.9946
223,1,224,"Kreuzlingen, Sonnenweg", ,3/16/2020 12:00:00 AM,0,23021671,Kreuzlingen,"Kreuzlingen, Sonnenweg",114027,27478,Haltestelle,47.64939135,9.17467366,53027478,513120.5238,5277356.1803
224,1,225,"Kreuzlingen, Seepark-Center", ,3/16/2020 12:00:00 AM,0,23021671,Kreuzlingen,"Kreuzlingen, Seepark",114042,27496,Haltestelle,47.64077311,9.19596373,53027496,514720.9267,5276391.2467
225,1,226,"Bottighofen, Post", ,3/16/2020 12:00:00 AM,0,23021643,Bottighofen,"Bottighofen, Post",103253,3748,Haltestelle,47.63968967,9.20783946,53003748,515586.7321,5276292.8067
226,1,227,"Bottighofen, Post", ,3/16/2020 12:00:00 AM,0,23021643,Bottighofen,"Bottighofen, Post",103253,3748,Haltestelle,47.63968967,9.20783946,53003748,515604.9637,5276278.6096
227,1,234,"Münsterlingen, Nonnenpförtli", ,3/16/2020 12:00:00 AM,0,23021691,Münsterlingen,"Münsterlingen, Nonnenpförtli",114065,27524,Haltestelle,47.63165098,9.23388162,53027524,517557.4807,5275393.2398
228,1,235,"Münsterlingen, Nonnenpförtli", ,3/16/2020 12:00:00 AM,0,23021691,Münsterlingen,"Münsterlingen, Nonnenpförtli",114065,27524,Haltestelle,47.63165098,9.23388162,53027524,517570.204,5275388.9207
229,1,236,"Münsterlingen, Spitaleingang", ,3/16/2020 12:00:00 AM,0,23021691,Münsterlingen,"Münsterlingen, Spitaleingang",103254,3749,Haltestelle,47.63104561,9.2363969,53003749,517757.632,5275324.3639
230,1,237,"Münsterlingen, Spitaleingang", ,3/16/2020 12:00:00 AM,0,23021691,Münsterlingen,"Münsterlingen, Spitaleingang",103254,3749,Haltestelle,47.63104561,9.2363969,53003749,517751.7775,5275324.3439
231,1,238,"Landschlacht, Schulstraße", ,3/16/2020 12:00:00 AM,0,23021691,Landschlacht,"Landschlacht, Schulstrasse",103258,3753,Haltestelle,47.62741928,9.2456765,53003753,518484.6764,5274904.3094
232,1,239,"Landschlacht, Vorderdorf", ,3/16/2020 12:00:00 AM,0,23021691,Landschlacht,"Landschlacht, Vorderdorf",109265,24979,Haltestelle,47.62639006,9.24939553,53024979,518736.4962,5274799.4707
233,1,241,"Kreuzlingen, Hauptzoll", ,3/16/2020 12:00:00 AM,0,23021671,Kreuzlingen,"Kreuzlingen, Hauptzoll",117427,27476,Haltestelle,47.65493436,9.17338907,53027476,513022.5961,5277961.1971
234,1,242,"Kreuzlingen, Hauptzoll", ,3/16/2020 12:00:00 AM,0,23021671,Kreuzlingen,"Kreuzlingen, Hauptzoll",117427,27476,Haltestelle,47.65493436,9.17338907,53027476,513016.4035,5277949.6695
235,1,243,"Scherzingen, Bäckerstübli", ,3/16/2020 12:00:00 AM,0,23021691,Scherzingen (CH),"Scherzingen, Bäckerstübli",103255,3750,Haltestelle,47.63030099,9.22670408,53003750,517022.8778,5275240.5409
236,1,244,"Scherzingen, Bäckerstübli", ,3/16/2020 12:00:00 AM,0,23021691,Scherzingen (CH),"Scherzingen, Bäckerstübli",103255,3750,Haltestelle,47.63030099,9.22670408,53003750,517030.5795,5275238.1914
237,1,245,"Scherzingen, Kirche", ,3/16/2020 12:00:00 AM,0,23021691,Scherzingen (CH),"Scherzingen, Kirche",114043,27497,Haltestelle,47.63210501,9.22323658,53027497,516789.504,5275431.952
238,1,246,"Scherzingen, Kirche", ,3/16/2020 12:00:00 AM,0,23021691,Scherzingen (CH),"Scherzingen, Kirche",114043,27497,Haltestelle,47.63210501,9.22323658,53027497,516777.564,5275438.4906
239,1,247,Staad/Autofähre (Hotel Schiff),,3/16/2020 12:00:00 AM,0,8335043,Konstanz,Konstanz Staad Autofähre/Hotel Schiff,36384,11352,Haltestelle,47.681824,9.211262,8711352,515861.839,5280964.4061
